cur-name-th,faculty_name_th,lecture-position,lecture-first-name,lecture-last-name,bachelor-degree,bachelor-institute,bachelor-graduate-year,doctor-degree,doctor-institute,doctor-graduate-year
หลักสูตรสังคมวิทยาและมานุษยวิทยาบัณฑิต สาขาวิชาสังคมวิทยาและมานุษยวิทยา,คณะสังคมวิทยาและมานุษยวิทยา,ผู้ช่วยศาสตราจารย์,วิลาสินี,พนานครทรัพย์,สม.ม.,มหาวิทยาลัยธรรมศาสตร์,2545,Ph.D.,"La Trobe University, Australia.",2558
หลักสูตรสังคมวิทยาและมานุษยวิทยาบัณฑิต สาขาวิชาสังคมวิทยาและมานุษยวิทยา,คณะสังคมวิทยาและมานุษยวิทยา,ผู้ช่วยศาสตราจารย์,พจนก,กาญจนจันทร,Μ.Α.,"Warwick University, UK",2543,Ph.D.,"University of Bristol, UK",2549
หลักสูตรสังคมวิทยาและมานุษยวิทยาบัณฑิต สาขาวิชาสังคมวิทยาและมานุษยวิทยา,คณะสังคมวิทยาและมานุษยวิทยา,อาจารย์,ธนานนท์,บัวทอง,ศ.บ.,จุฬาลงกรณ์มหาวิทยาลัย,2552,ศศ.ด.,จุฬาลงกรณ์มหาวิทยาลัย,2562
หลักสูตรสังคมวิทยาและมานุษยวิทยาบัณฑิต สาขาวิชาสังคมวิทยาและมานุษยวิทยา,คณะสังคมวิทยาและมานุษยวิทยา,ผู้ช่วยศาสตราจารย์,วาทินีย์,วิชัยยา,วท.บ.,มหาวิทยาลัยเชียงใหม่,2551,สม.ม.,มหาวิทยาลัยธรรมศาสตร์,2556
หลักสูตรสังคมวิทยาและมานุษยวิทยาบัณฑิต สาขาวิชาสังคมวิทยาและมานุษยวิทยา,คณะสังคมวิทยาและมานุษยวิทยา,ผู้ช่วยศาสตราจารย์,เทียมสูรย์,สิริศรีศักดิ์,สถ.บ.,สถาบันเทคโนโลยีพระจอมเกล้าเจ้าคุณทหารลาดกระบัง,2541,Ph.D.,"The University of Tokyo, Japan",2554
หลักสูตรเศรษฐศาสตรบัณฑิต (หลักสูตรนานาชาติ),คณะเศรษฐศาสตร์,ผู้ช่วยศาสตราจารย์,พงษ์ธร,วราศัย,ศ.บ.,มหาวิทยาลัยธรรมศาสตร์,2535,Ph.D.,"Erasmus University, The Netherlands",2548
หลักสูตรเศรษฐศาสตรบัณฑิต (หลักสูตรนานาชาติ),คณะเศรษฐศาสตร์,ผู้ช่วยศาสตราจารย์,กิตติชัย,แซ่ลี้,ศ.บ.,จุฬาลงกรณ์มหาวิทยาลัย,2545,Ph.D.,"University of Wisconsin-Madison, USA",2559
หลักสูตรเศรษฐศาสตรบัณฑิต (หลักสูตรนานาชาติ),คณะเศรษฐศาสตร์,ผู้ช่วยศาสตราจารย์,มณเฑียร,สติมานนท์,ศ.บ.,มหาวิทยาลัยธรรมศาสตร์,2542,Ph.D.,"Michigan State University, USA",2556
หลักสูตรเศรษฐศาสตรบัณฑิต (หลักสูตรนานาชาติ),คณะเศรษฐศาสตร์,ผู้ช่วยศาสตราจารย์,วรรณวิภางค์,มานะโชติพงษ์,B.Sc.,"Duke University, USA",2545,Ph.D.,"University of Oxford, UK",2552
หลักสูตรเศรษฐศาสตรบัณฑิต (หลักสูตรนานาชาติ),คณะเศรษฐศาสตร์,ผู้ช่วยศาสตราจารย์,พนิต,วัฒนกูล,ศ.บ.,มหาวิทยาลัยธรรมศาสตร์,2554,Ph.D.,"University of North Carolina at Chapel Hill, USA",2563
หลักสูตรสถาปัตยกรรมภายในบัณฑิต,คณะสถาปัตยกรรมศาสตร์และการผังเมือง,ผู้ช่วยศาสตราจารย์,บุษกร,รมยานนท์,สถ.บ.,สถาบันเทคโนโลยีพระจอมเกล้าเจ้าคุณทหารลาดกระบัง,2530,Μ.Α.,"California State University, Long Beach, USA",2536
หลักสูตรสถาปัตยกรรมภายในบัณฑิต,คณะสถาปัตยกรรมศาสตร์และการผังเมือง,ผู้ช่วยศาสตราจารย์ ดร.,บุญอนันต์,นทกุล,สถ.บ.,สถาบันเทคโนโลยีพระจอมเกล้าเจ้าคุณทหารลาดกระบัง,2545,Ph.D.,"The University of Melbourne, Australia",2556
หลักสูตรสถาปัตยกรรมภายในบัณฑิต,คณะสถาปัตยกรรมศาสตร์และการผังเมือง,ผู้ช่วยศาสตราจารย์ ดร.,กัลยา,ตันติยาสวัสดิกุล,สถ.บ.,สถาบันเทคโนโลยีพระจอมเกล้าเจ้าคุณทหารลาดกระบัง,2543,Ph.D.,"Ritsumeikan University, Japan",2557
หลักสูตรสถาปัตยกรรมภายในบัณฑิต,คณะสถาปัตยกรรมศาสตร์และการผังเมือง,อาจารย์,นภมณี,ทรัพย์สุนทรกุล,สถ.บ.,สถาบันเทคโนโลยีพระจอมเกล้าเจ้าคุณทหารลาดกระบัง,2539,M.F.A.,"Savannah College of Art and Design, USA",2546
หลักสูตรสถาปัตยกรรมภายในบัณฑิต,คณะสถาปัตยกรรมศาสตร์และการผังเมือง,อาจารย์,เพชร,จิตต์สุวรรณ,Β.Α.,"Trier University of Applied Sciences, Germany",2540,M.F.A,"Konstfack University, Sweden",2542
หลักสูตรศิลปศาสตรบัณฑิต,ศิลปศาสตร์,อาจารย์,ธนพร,อธิกิจ,ศศ.บ,มหาวิทยาลัยธรรมศาสตร์,2554,อ.ม.,จุฬาลงกรณ์มหาวิทยาลัย,2559
หลักสูตรศิลปศาสตรบัณฑิต,ศิลปศาสตร์,อาจารย์ ดร.,จิรบดี,เตชะเสน,ศศ.บ.,มหาวิทยาลัยธรรมศาสตร์,2548,Ph.D.,"Nanyang Technological University, Singapore",2561
หลักสูตรศิลปศาสตรบัณฑิต,ศิลปศาสตร์,อาจารย์ ดร.,จีรวรรณ,ศรีวงษ์,อ.บ.,จุฬาลงกรณ์มหาวิทยาลัย,2541,ปร.ด.,มหาวิทยาลัยสุโขทัยธรรมาธิราช,2564
หลักสูตรศิลปศาสตรบัณฑิต,ศิลปศาสตร์,ผู้ช่วยศาสตราจารย์,ศุภวิทย์,ถาวรบุตร,ศ.บ.,มหาวิทยาลัยธรรมศาสตร์,2542,ศศ.ม.,มหาวิทยาลัยธรรมศาสตร์,2547
หลักสูตรศิลปศาสตรบัณฑิต,ศิลปศาสตร์,อาจารย์ ดร.,พนารัตน์,อานามวัฒน์,B.A.,"University of Pennsylvania, USA",2557,Ph.D.,"University of Oxford, UK",2563
หลักสูตรศิลปศาสตรบัณฑิต,ศิลปศาสตร์,อาจารย์ ดร.,ตามไท,ดิลกวิทยรัตน์,ร.บ.,จุฬาลงกรณ์มหาวิทยาลัย,2541,Ph.D.,"Australian National University, Australia",2557
หลักสูตรศิลปศาสตรบัณฑิต,ศิลปศาสตร์,อาจารย์,ธีรภัทร,รื่นศิริ,ศ.บ.,มหาวิทยาลัยธรรมศาสตร์,2555,M.A.,"Lancaster University, UK",2557
หลักสูตรศิลปศาสตรบัณฑิต,ศิลปศาสตร์,อาจารย์ ดร.,ชรินทร,หนองบัว,ศ.บ.,มหาวิทยาลัยธรรมศาสตร์,2553,Ph.D.,"The University of New South Wales, Australia",2562
หลักสูตรศิลปศาสตรบัณฑิต,ศิลปศาสตร์,ผู้ช่วยศาสตราจารย์,เหมือนมาด,มุกข์ประดิษฐ์,ร.บ.,จุฬาลงกรณ์มหาวิทยาลัย,2548,อ.ด.,จุฬาลงกรณ์มหาวิทยาลัย,2561
หลักสูตรศิลปศาสตรบัณฑิต,ศิลปศาสตร์,อาจารย์,พิรุฬห์,ปิยมหพงศ์,อ.บ.,มหาวิทยาลัยศิลปากร,2556,M.Sc,"University of Edinburgh, UK",2560
หลักสูตรศิลปศาสตรบัณฑิต,ศิลปศาสตร์,อาจารย์ ดร.,Ivan,Ivanov,ศศ.บ.,มหาวิทยาลัยธรรมศาสตร์,2543,Ph.D.,"University of Iowa, USA",2552
หลักสูตรศิลปศาสตรบัณฑิต,ศิลปศาสตร์,ผู้ช่วยศาสตราจารย์ ดร.,ศิริวรรณ,วรชัยยุทธ,ศศ.บ.,มหาวิทยาลัยธรรมศาสตร์,2545,Ph.D.,"East China Normal University, China",2555
หลักสูตรสังคมวิทยาและมานุษยวิทยาบัณฑิต สาขาวิชาการวิจัยทางสังคม,คณะสังคมวิทยาและมานุษยวิทยา,ผู้ช่วยศาสตราจารย์ ดร.,ณัฐจรี,สุวรรณภัฏ,สม.บ.,มหาวิทยาลัยธรรมศาสตร์,2541,Ph.D.,"La Trobe University, Australia.",2557
หลักสูตรสังคมวิทยาและมานุษยวิทยาบัณฑิต สาขาวิชาการวิจัยทางสังคม,คณะสังคมวิทยาและมานุษยวิทยา,ผู้ช่วยศาสตราจารย์,อัครนัย,ขวัญอยู่,สม.บ.,มหาวิทยาลัยธรรมศาสตร์,2554,สม.ม.,มหาวิทยาลัยธรรมศาสตร์,2559
หลักสูตรสังคมวิทยาและมานุษยวิทยาบัณฑิต สาขาวิชาการวิจัยทางสังคม,คณะสังคมวิทยาและมานุษยวิทยา,อาจารย์,วิภาวี,พงษ์ปิ่น,ศศ.บ.,มหาวิทยาลัยศิลปากร,2550,สม.ม.,มหาวิทยาลัยธรรมศาสตร์,2554
หลักสูตรสังคมวิทยาและมานุษยวิทยาบัณฑิต สาขาวิชาการวิจัยทางสังคม,คณะสังคมวิทยาและมานุษยวิทยา,ผู้ช่วยศาสตราจารย์ ดร.,บุญเลิศ,วิเศษปรีชา,วท.บ.,มหาวิทยาลัยเกษตรศาสตร์,2538,Ph.D.,"University of Wisconsin-Madison, U.S.A.",2558
หลักสูตรสังคมวิทยาและมานุษยวิทยาบัณฑิต สาขาวิชาการวิจัยทางสังคม,คณะสังคมวิทยาและมานุษยวิทยา,ผู้ช่วยศาสตราจารย์,อรอุมา,เตพละกุล,ศศ.บ.,มหาวิทยาลัยเกษตรศาสตร์,2541,M.Sc.,"Asian Institute of Technology, Thailand",2543
หลักสูตรเศรษฐศาสตรบัณฑิต,คณะเศรษฐศาสตร์,ผู้ช่วยศาสตราจารย์,เฉลิมพงษ์,คงเจริญ,ศ.บ.,มหาวิทยาลัยธรรมศาสตร์,2543,Ph.D.,"Michigan State University, U.S.A",2554
หลักสูตรเศรษฐศาสตรบัณฑิต,คณะเศรษฐศาสตร์,ผู้ช่วยศาสตราจารย์,ดวงมณี,เลาวกุล,ศ.บ.,มหาวิทยาลัยธรรมศาสตร์,2533,Ph.D.,"George Mason University, U.S.A",2547
หลักสูตรเศรษฐศาสตรบัณฑิต,คณะเศรษฐศาสตร์,ผู้ช่วยศาสตราจารย์,ชญานี,ชวะโนทย์,ศ.บ.,มหาวิทยาลัยธรรมศาสตร์,2548,Ph.D.,"Cornell University, U.S.A",2557
หลักสูตรเศรษฐศาสตรบัณฑิต,คณะเศรษฐศาสตร์,รองศาสตราจารย์,ศศิวิมล,วรุณศิริ ปวีณวัฒน์,ศ.บ.,มหาวิทยาลัยธรรมศาสตร์,2543,Ph.D.,"University of Colorado, Boulder, U.S.A",2553
หลักสูตรเศรษฐศาสตรบัณฑิต,คณะเศรษฐศาสตร์,อาจารย์,ทีปกร,จิร์ฐิติกุลชัย,ศ.บ.,มหาวิทยาลัยขอนแก่น,2542,Ph.D.,"Texas A&M University, U.S.A",2557
หลักสูตรศิลปศาสตรบัณฑิต สาขาวิชาภาษาอังกฤษ,คณะศิลปศาสตร์,รองศาสตราจารย์ ดร.,วริษา,โอสถานนท์,ศศ.บ.,มหาวิทยาลัยธรรมศาสตร์,2534,Ph.D.,"University of Hawaii at Manoa, HI, USA",2540
หลักสูตรศิลปศาสตรบัณฑิต สาขาวิชาภาษาอังกฤษ,คณะศิลปศาสตร์,ผู้ช่วยศาสตราจารย์ ดร.,ขวัญจิรา,ฉัตรพรรณรังสี,ค.บ.,จุฬาลงกรณ์มหาวิทยาลัย,2534,Ph.D.,"Indiana University, USA",2556
หลักสูตรศิลปศาสตรบัณฑิต สาขาวิชาภาษาอังกฤษ,คณะศิลปศาสตร์,อาจารย์ ดร.,กมลรัตน์,ศรีหารักษา,ศศ.บ.,มหาวิทยาลัยธรรมศาสตร์,2538,Ph.D.,"University of Essex, UK",2557
หลักสูตรศิลปศาสตรบัณฑิต สาขาวิชาภาษาอังกฤษ,คณะศิลปศาสตร์,อาจารย์,ปริวรรต,อิมสอาด,ค.บ.,จุฬาลงกรณ์มหาวิทยาลัย,2561,Μ.Α.,"University of York, UK",2562
หลักสูตรศิลปศาสตรบัณฑิต สาขาวิชาภาษาอังกฤษ,คณะศิลปศาสตร์,อาจารย์,ณัฐวดี,ก้อนทอง,ศศ.บ.,มหาวิทยาลัยธรรมศาสตร์,2551,ศศ.ม.,มหาวิทยาลัยธรรมศาสตร์,2554
หลักสูตรภูมิสถาปัตยกรรมศาสตรบัณฑิต,คณะสถาปัตยกรรมศาสตร์และการผังเมือง,รองศาสตราจารย์,พัทมน,เสลานนท์,สถ.บ.,สถาบันเทคโนโลยีพระจอมเกล้าเจ้าคุณทหารลาดกระบัง,2539,Ph.D.,"University of Newcastle upon Tyne, UK",2560
หลักสูตรภูมิสถาปัตยกรรมศาสตรบัณฑิต,คณะสถาปัตยกรรมศาสตร์และการผังเมือง,รองศาสตราจารย์,ภวินท์,สิริสาลี,สถ.บ.,สถาบันเทคโนโลยีพระจอมเกล้าเจ้าคุณทหารลาดกระบัง,2539,ภ.สถ.ม.,จุฬาลงกรณ์มหาวิทยาลัย,2551
หลักสูตรภูมิสถาปัตยกรรมศาสตรบัณฑิต,คณะสถาปัตยกรรมศาสตร์และการผังเมือง,ผู้ช่วยศาสตราจารย์,ปราณิศา,บุญค้ำ,ภ.สถ.บ.,จุฬาลงกรณ์มหาวิทยาลัย,2539,M.LA.,"Harvard University, USA",2544
หลักสูตรภูมิสถาปัตยกรรมศาสตรบัณฑิต,คณะสถาปัตยกรรมศาสตร์และการผังเมือง,รองศาสตราจารย์,ชุมเขต,แสวงเจริญ,สถ.บ.,จุฬาลงกรณ์มหาวิทยาลัย,2539,ปร.ด.,มหาวิทยาลัยเกษตรศาสตร์,2560
หลักสูตรภูมิสถาปัตยกรรมศาสตรบัณฑิต,คณะสถาปัตยกรรมศาสตร์และการผังเมือง,ผู้ช่วยศาสตราจารย์,ศุภวัจน์,แก้วขาว,วท.บ.,มหาวิทยาลัยเกษตรศาสตร์,2535,วท.ม.,มหาวิทยาลัยเกษตรศาสตร์,2545
หลักสูตรศิลปศาสตรบัณฑิต สาขาวิชาภาษาไทย,ศิลปศาสตร์,ผู้ช่วยศาสตราจารย์ ดร.,อำนาจ,ปักษาสุข,อ.บ.,มหาวิทยาลัยศิลปากร,2548,อ.ด.,มหาวิทยาลัยศิลปากร,2563
หลักสูตรศิลปศาสตรบัณฑิต สาขาวิชาภาษาไทย,ศิลปศาสตร์,ผู้ช่วยศาสตราจารย์ ดร.,วัชราภรณ์,ดิษฐป้าน,อ.บ.,จุฬาลงกรณ์มหาวิทยาลัย,2541,อ.ด.,จุฬาลงกรณ์มหาวิทยาลัย,2557
หลักสูตรศิลปศาสตรบัณฑิต สาขาวิชาภาษาไทย,ศิลปศาสตร์,อาจารย์ ดร.,นิติพงศ์,พิเชฐพันธุ์,อ.บ.,จุฬาลงกรณ์มหาวิทยาลัย,2549,Ph.D.,"University of Sydney, Australia",2564
หลักสูตรศิลปศาสตรบัณฑิต สาขาวิชาภาษาไทย,ศิลปศาสตร์,รองศาสตราจารย์ ดร.,ประเสริฐ,รุนรา,ศศ.บ,มหาวิทยาลัยรามคำแหง,2558,อ.ด.,จุฬาลงกรณ์มหาวิทยาลัย,2557
หลักสูตรศิลปศาสตรบัณฑิต สาขาวิชาภาษาไทย,ศิลปศาสตร์,ผู้ช่วยศาสตราจารย์,พรทิพย์,เฉิดฉินนภา,อ.บ.,มหาวิทยาลัยศิลปากร,2535,อ.ม.,มหาวิทยาลัยศิลปากร,2539
หลักสูตรวิทยาศาสตรบัณฑิต สาขาวิชาภูมิศาสตร์และภูมิสารสนเทศ,คณะศิลปศาสตร์,รองศาสตราจารย์ ดร.,ดรุณวรรณ,กำธรเกียรติ,ศศ.บ.,มหาวิทยาลัยเกษตรศาสตร์,2538,D.Tech.Sc.,สถาบันเทคโนโลยีแห่งเอเชีย,2548
หลักสูตรวิทยาศาสตรบัณฑิต สาขาวิชาภูมิศาสตร์และภูมิสารสนเทศ,คณะศิลปศาสตร์,ผู้ช่วยศาสตราจารย์ ดร.,ทรงชัย,ทองปาน,ศศ.บ.,มหาวิทยาลัยธรรมศาสตร์,2539,ปร.ด.,มหาวิทยาลัยธรรมศาสตร์,2558
หลักสูตรวิทยาศาสตรบัณฑิต สาขาวิชาภูมิศาสตร์และภูมิสารสนเทศ,คณะศิลปศาสตร์,อาจารย์ ดร.,วาสินี,วรรณศิริ,วท.บ.,มหาวิทยาลัยเกษตรศาสตร์,2548,Ph.D.,สถาบันเทคโนโลยีแห่งเอเชีย,2556
หลักสูตรวิทยาศาสตรบัณฑิต สาขาวิชาภูมิศาสตร์และภูมิสารสนเทศ,คณะศิลปศาสตร์,อาจารย์ ดร.,กฤชญาณ,อินทรัตน์,วท.บ.,มหาวิทยาลัยบูรพา,2546,วศ.ด.,จุฬาลงกรณ์มหาวิทยาลัย,2562
หลักสูตรวิทยาศาสตรบัณฑิต สาขาวิชาภูมิศาสตร์และภูมิสารสนเทศ,คณะศิลปศาสตร์,อาจารย์,จินดา,แซ่จึง,ศศ.บ.,มหาวิทยาลัยธรรมศาสตร์,2549,M.S.,สถาบันเทคโนโลยีแห่งเอเชีย,2551
หลักสูตรศิลปศาสตรบัณฑิต สาขาวิชาอาณาบริเวณศึกษา,คณะศิลปศาสตร์,รองศาสตราจารย์,เกตุชพรรณ์,คำพุฒ,ศศ.บ.,มหาวิทยาลัยนเรศวร,2547,ศศ.ม.,จุฬาลงกรณ์มหาวิทยาลัย,
หลักสูตรศิลปศาสตรบัณฑิต สาขาวิชาอาณาบริเวณศึกษา,คณะศิลปศาสตร์,อาจารย์ ดร.,นิตยาภรณ์,พรมปัญญา,ศศ.บ.,มหาวิทยาลัยเชียงใหม่,2544,Ph.D.,"Kyoto University, Japan",2565
หลักสูตรศิลปศาสตรบัณฑิต สาขาวิชาอาณาบริเวณศึกษา,คณะศิลปศาสตร์,อาจารย์,ศาสนีย์,ศรศิลป์,น.บ.,มหาวิทยาลัยธรรมศาสตร์,2548,ร.ม.,มหาวิทยาลัยธรรมศาสตร์,2553
หลักสูตรศิลปศาสตรบัณฑิต สาขาวิชาอาณาบริเวณศึกษา,คณะศิลปศาสตร์,อาจารย์ ดร.,กัณฐ์ศศา,พงษ์หิรัญ,ศศ.บ.,มหาวิทยาลัยเกษตรศาสตร์,2544,Ph.D.,"Moscow State University, Russia",2552
หลักสูตรศิลปศาสตรบัณฑิต สาขาวิชาอาณาบริเวณศึกษา,คณะศิลปศาสตร์,อาจารย์,ดนุพล,เฉลยสุข,ศศ.บ.,มหาวิทยาลัยธรรมศาสตร์,2556,GradDip of Aspirantura Programme,"Saint Petersburg State University, Russia",2562
หลักสูตรศิลปศาสตรบัณฑิต สาขาวิชาอาณาบริเวณศึกษา,คณะศิลปศาสตร์,อาจารย์,ปริตต์,อรุณโอษฐ์,ศศ.บ.,มหาวิทยาลัยธรรมศาสตร์,2556,GradDip of Aspirantura Programme,"Saint Petersburg State University, Russia",2562
หลักสูตรศิลปศาสตรบัณฑิต สาขาวิชาอาณาบริเวณศึกษา,คณะศิลปศาสตร์,ผู้ช่วยศาสตราจารย์ ดร.,กรนภา,บุญพิสุทธิ์ศิลป์,นศ.บ.,มหาวิทยาลัยศรีปทุม,2545,Ph.D.,"Keimyung University, Rep. of Korea",2560
หลักสูตรศิลปศาสตรบัณฑิต สาขาวิชาอาณาบริเวณศึกษา,คณะศิลปศาสตร์,อาจารย์ ดร.,ถาปกรณ์,กำเนิดศิริ,ร.บ.,มหาวิทยาลัยธรรมศาสตร์,2549,อ.ด.,จุฬาลงกรณ์มหาวิทยาลัย,2563
หลักสูตรศิลปศาสตรบัณฑิต สาขาวิชาอาณาบริเวณศึกษา,คณะศิลปศาสตร์,อาจารย์,จิราพร,พรประภา,อ.บ.,จุฬาลงกรณ์มหาวิทยาลัย,2546,Μ.Α.,"Indiana University, USA",2552
หลักสูตรศิลปศาสตรบัณฑิต สาขาวิชาอังกฤษ-อเมริกันศึกษา,คณะศิลปศาสตร์,ผู้ช่วยศาสตราจารย์,Peter,Hammond,B.A. (Hons),"University of Sheffield, UK",2537,Ph.D.,"University of Nottingham, UK",2546
หลักสูตรศิลปศาสตรบัณฑิต สาขาวิชาอังกฤษ-อเมริกันศึกษา,คณะศิลปศาสตร์,ผู้ช่วยศาสตราจารย์,ชานนท์,อัศนธรรม,B.A.,"University of Colorado, USA",2546,Ph.D.,"Miami University, USA",2557
หลักสูตรศิลปศาสตรบัณฑิต สาขาวิชาอังกฤษ-อเมริกันศึกษา,คณะศิลปศาสตร์,ผู้ช่วยศาสตราจารย์,ศิริรัตน์,ณ ระนอง,อ.บ.,จุฬาลงกรณ์มหาวิทยาลัย,2541,Ph.D.,"University of Essex, UK",2552
หลักสูตรศิลปศาสตรบัณฑิต สาขาวิชาอังกฤษ-อเมริกันศึกษา,คณะศิลปศาสตร์,อาจารย์,จิรธร,สกุลวัฒนะ,ศศ.บ.,มหาวิทยาลัยเชียงใหม่,2550,Ph.D.,"School of Oriental and African Studies (SOAS) University of London, UK.",2562
หลักสูตรศิลปศาสตรบัณฑิต สาขาวิชาอังกฤษ-อเมริกันศึกษา,คณะศิลปศาสตร์,อาจารย์,สุธิดา,วิมุตติโกศล,ศศ.บ.,มหาวิทยาลัยเกษตรศาสตร์,2548,Ph.D.,"King's College London, UK",2561
หลักสูตรศิลปศาสตรบัณฑิต สาขาวิชาการแปลและล่ามในยุคดิจิทัล,คณะศิลปศาสตร์,ผู้ช่วยศาสตราจารย์ ดร.,ภาสพงศ์,ศรีพิจารณ์,ศศ.บ.,มหาวิทยาลัยธรรมศาสตร์,2537,Ph.D.,"University of Birmingham, UK.",2545
หลักสูตรศิลปศาสตรบัณฑิต สาขาวิชาการแปลและล่ามในยุคดิจิทัล,คณะศิลปศาสตร์,รองศาสตราจารย์ ดร.,พนิดา,ซิมาภรณ์,ศศ.บ.,มหาวิทยาลัยธรรมศาสตร์,2519,Ph.D.,"Oklahoma State University, USA.",2528
หลักสูตรศิลปศาสตรบัณฑิต สาขาวิชาการแปลและล่ามในยุคดิจิทัล,คณะศิลปศาสตร์,รองศาสตราจารย์,ศศี,จันทร์ประพันธ์,อ.บ.,จุฬาลงกรณ์มหาวิทยาลัย,2528,Μ.Α.,"Pittsburg State University, USA.",2530
หลักสูตรศิลปศาสตรบัณฑิต สาขาวิชาการแปลและล่ามในยุคดิจิทัล,คณะศิลปศาสตร์,ผู้ช่วยศาสตราจารย์ ดร.,สิทธิธรรม,อ่องวุฒิวัฒน์,ศศ.บ.,มหาวิทยาลัยธรรมศาสตร์,2546,อ.ด.,จุฬาลงกรณ์มหาวิทยาลัย,2558
หลักสูตรศิลปศาสตรบัณฑิต สาขาวิชาการแปลและล่ามในยุคดิจิทัล,คณะศิลปศาสตร์,อาจารย์ ดร.,วิชยา,ปิดชามุก,ศศ.บ.,มหาวิทยาลัยธรรมศาสตร์,2542,Ph.D.,"Dublin City University, Ireland",2565
หลักสูตรวิทยาศาสตรบัณฑิต สาขาวิชาคณิตศาสตร์ประยุกต์,คณะวิทยาศาสตร์และเทคโนโลยี,ผู้ช่วยศาสตราจารย์,อดุลย์,แป้นสุวรรณ,วท.บ.,"สถาบันเทคโนโลยีพระจอมเกล้า
พระนครเหนือ",2538,ปร.ด.,มหาวิทยาลัยมหิดล,2548
หลักสูตรวิทยาศาสตรบัณฑิต สาขาวิชาคณิตศาสตร์ประยุกต์,คณะวิทยาศาสตร์และเทคโนโลยี,รองศาสตราจารย์,วันหยก,อติเศรษฐพงศ์,วท.บ.,มหาวิทยาลัยธรรมศาสตร์,2544,ปร.ด.,มหาวิทยาลัยมหิดล,2552
หลักสูตรวิทยาศาสตรบัณฑิต สาขาวิชาคณิตศาสตร์ประยุกต์,คณะวิทยาศาสตร์และเทคโนโลยี,ผู้ช่วยศาสตราจารย์,วรรณวรัตม์,อันล้ำเลิศ,วท.บ.,มหาวิทยาลัยศิลปากร,2551,ปร.ด.,มหาวิทยาลัยมหิดล,2558
หลักสูตรวิทยาศาสตรบัณฑิต สาขาวิชาคณิตศาสตร์ประยุกต์,คณะวิทยาศาสตร์และเทคโนโลยี,รองศาสตราจารย์,นวลักษณ์,ทองจับ,วท.บ.,มหาวิทยาลัยธรรมศาสตร์,2543,วท.ด.,จุฬาลงกรณ์มหาวิทยาลัย,2557
หลักสูตรวิทยาศาสตรบัณฑิต สาขาวิชาคณิตศาสตร์ประยุกต์,คณะวิทยาศาสตร์และเทคโนโลยี,ผู้ช่วยศาสตราจารย์,วรเวทย์,ลีลาอภิรดี,วท.บ.,จุฬาลงกรณ์มหาวิทยาลัย,2553,วท.ด.,จุฬาลงกรณ์มหาวิทยาลัย,2559
"หลักสูตรวิทยาศาสตรบัณฑิต สาขาวิชาการจัดการออกแบบ ธุรกิจ และเทคโนโลยี
(หลักสูตรนานาชาติ)",คณะสถาปัตยกรรมศาสตร์และการผังเมือง,"ผู้ช่วย
ศาสตราจารย์",อาสาฬห์,สุวรรณฤทธิ์,ภ.สถ.บ.,จุฬาลงกรณ์มหาวิทยาลัย,2544,M.LA.,"University Nurtingen-Geislingen,
Germany",2549
"หลักสูตรวิทยาศาสตรบัณฑิต สาขาวิชาการจัดการออกแบบ ธุรกิจ และเทคโนโลยี
(หลักสูตรนานาชาติ)",คณะสถาปัตยกรรมศาสตร์และการผังเมือง,"Associate
Professor",Kim Neil,Irvine,B.Sc.,University of Toronto,2526,Ph.D.,McMaster University,2532
"หลักสูตรวิทยาศาสตรบัณฑิต สาขาวิชาการจัดการออกแบบ ธุรกิจ และเทคโนโลยี
(หลักสูตรนานาชาติ)",คณะสถาปัตยกรรมศาสตร์และการผังเมือง,"ผู้ช่วย
ศาสตราจารย์",ดร.อรรฆพันธ์,เธียรถาวร,วท.บ.,มหาวิทยาลัยสวนดุสิต,2545,Ph.D.,"University for the Creative Arts, UK",2561
"หลักสูตรวิทยาศาสตรบัณฑิต สาขาวิชาการจัดการออกแบบ ธุรกิจ และเทคโนโลยี
(หลักสูตรนานาชาติ)",คณะสถาปัตยกรรมศาสตร์และการผังเมือง,อาจารย์,Massimo,Ingegno,B.Sc.,"University of Florance, Italy",2555,M.Sc.,"University Collage London, UK",2558
"หลักสูตรวิทยาศาสตรบัณฑิต สาขาวิชาการจัดการออกแบบ ธุรกิจ และเทคโนโลยี
(หลักสูตรนานาชาติ)",คณะสถาปัตยกรรมศาสตร์และการผังเมือง,อาจารย์,Hyun Wook,"Hwangbo, Ph.D.",B.A.,"Linguistics & Literature (Double
Major), SungKyunKwan
University, Seoul, South Korea",2546,Ph.D.,"Lancaster Institutes for the
Contemporary Arts, Lancaster
University, United Kingdom",2559
หลักสูตรวิทยาศาสตรบัณฑิต สาขาวิชาเทคโนโลยีและนวัตกรรมดิจิทัล,คณะวิทยาศาสตร์และเทคโนโลยี,ผู้ช่วยศาสตราจารย์,วรวรรณ,ดีอัซ การ์บาโย,วท.บ.,มหาวิทยาลัยธรรมศาสตร์,2539,Ph.D.,"University of Edinburgh, UK",2549
หลักสูตรวิทยาศาสตรบัณฑิต สาขาวิชาเทคโนโลยีและนวัตกรรมดิจิทัล,คณะวิทยาศาสตร์และเทคโนโลยี,ผู้ช่วยศาสตราจารย์,กฤตคม,ศรีจิรานนท์,วศ.บ.,มหาวิทยาลัยเชียงใหม่,2557,ปร.ด.,มหาวิทยาลัยเชียงใหม่,2564
หลักสูตรวิทยาศาสตรบัณฑิต สาขาวิชาเทคโนโลยีและนวัตกรรมดิจิทัล,คณะวิทยาศาสตร์และเทคโนโลยี,อาจารย์,ปกรณ์,แววสว่างวงศ์,วศ.บ.,มหาวิทยาลัยเกษตรศาสตร์,2542,M.Sc.,"University of York, UK",2544
หลักสูตรวิทยาศาสตรบัณฑิต สาขาวิชาเทคโนโลยีและนวัตกรรมดิจิทัล,คณะวิทยาศาสตร์และเทคโนโลยี,อาจารย์,วินัย,ทองปาน,วท.บ.,มหาวิทยาลัยเชียงใหม่,2556,ปร.ด.,มหาวิทยาลัยเชียงใหม่,2563
หลักสูตรวิทยาศาสตรบัณฑิต สาขาวิชาเทคโนโลยีและนวัตกรรมดิจิทัล,คณะวิทยาศาสตร์และเทคโนโลยี,อาจารย์,ศศิพร,ทองแม้น,วท.บ.,จุฬาลงกรณ์มหาวิทยาลัย,2549,วท.ด.,จุฬาลงกรณ์มหาวิทยาลัย,2560
"หลักสูตรศิลปศาสตรบัณฑิต สาขาวิชาปรัชญา การเมือง และเศรษฐศาสตร์
(หลักสูตรนานาชาติ)",วิทยาลัยสหวิทยาการ,รองศาสตราจารย์ ดร.,ธัชเฉลิม,สุทธิพงษ์ประชา,B.Α.,"Northern Michigan University, USA",2546,Ph.D.,"Northern Illinois University, USA",2554
"หลักสูตรศิลปศาสตรบัณฑิต สาขาวิชาปรัชญา การเมือง และเศรษฐศาสตร์
(หลักสูตรนานาชาติ)",วิทยาลัยสหวิทยาการ,อาจารย์ ดร.,Ing-Wei,Huang,ศ.บ.,มหาวิทยาลัยธรรมศาสตร์,2539,Ph.D.,"Nagoya University, Japan",2547
"หลักสูตรศิลปศาสตรบัณฑิต สาขาวิชาปรัชญา การเมือง และเศรษฐศาสตร์
(หลักสูตรนานาชาติ)",วิทยาลัยสหวิทยาการ,อาจารย์ พ.ต.ต.ดร.,ชวนัสถ์,เจนการ,รป.บ.,โรงเรียนนายร้อยตำรวจ,2539,Ph.D.,"University of Kent, UK",2556
"หลักสูตรศิลปศาสตรบัณฑิต สาขาวิชาปรัชญา การเมือง และเศรษฐศาสตร์
(หลักสูตรนานาชาติ)",วิทยาลัยสหวิทยาการ,ผู้ช่วยศาสตราจารย์ ดร.,ภูรี,สิรสุนทร,B.B.A,มหาวิทยาลัยอัสสัมชัญ,2536,Ph.D.,"School of Economics, Australian National University, Australia",2548
"หลักสูตรศิลปศาสตรบัณฑิต สาขาวิชาปรัชญา การเมือง และเศรษฐศาสตร์
(หลักสูตรนานาชาติ)",วิทยาลัยสหวิทยาการ,อาจารย์,พนมกร,โยทะสอน,B.A.,"Peking University, China",2554,M.A.,"University of London, UK",2556
หลักสูตรศิลปศาสตรบัณฑิต สาขาวิชาโลกคดีศึกษาและการประกอบการสังคม (หลักสูตรนานาชาติ),วิทยาลัยโลกคดีศึกษา,ผู้ช่วยศาสตราจารย์,พิทักษ์ศักดิ์,ทิศาภาคย์,B.Α.,"Thammasat University, Thailand",2542,Ph.D.,"School of Oriental and African Studies, UK",2558
หลักสูตรศิลปศาสตรบัณฑิต สาขาวิชาโลกคดีศึกษาและการประกอบการสังคม (หลักสูตรนานาชาติ),วิทยาลัยโลกคดีศึกษา,ผู้ช่วยศาสตราจารย์,อีสวาน,ราโด,,,,Ph.D.,"University of Vienna, Austria",2558
หลักสูตรศิลปศาสตรบัณฑิต สาขาวิชาโลกคดีศึกษาและการประกอบการสังคม (หลักสูตรนานาชาติ),วิทยาลัยโลกคดีศึกษา,ผู้ช่วยศาสตราจารย์,เช็ค,โมหมัด อัลตาเฟอร์ รามัน,,,,Ph.D.,"Mahidol University, Thailand",2555
หลักสูตรศิลปศาสตรบัณฑิต สาขาวิชาโลกคดีศึกษาและการประกอบการสังคม (หลักสูตรนานาชาติ),วิทยาลัยโลกคดีศึกษา,ผู้ช่วยศาสตราจารย์,ปิยะสุดา,เพ่งสภา,B.A.,"University at Albany, State University of New York, College of Art & Sciences, U.S.A.",2535,Ph.D.,"Binghamton University, State University of New York Harpur College of Art & Sciences, U.S.A.",2544
หลักสูตรศิลปศาสตรบัณฑิต สาขาวิชาโลกคดีศึกษาและการประกอบการสังคม (หลักสูตรนานาชาติ),วิทยาลัยโลกคดีศึกษา,ศาสตราจารย์,นันทวรณ,วิจิตรวาทการ,B.Sc,"University of California at Los Angeles, USA",2518,Dr.P.H.,"School of Public Health, University of California at Los Angeles, USA.",2530
หลักสูตรวิทยาศาสตรบัณฑิต สาขาวิชาเทคโนโลยีเพื่อการพัฒนายั่งยืน,คณะวิทยาศาสตร์และเทคโนโลยี,รองศาสตราจารย์,ธนาพล,ตันติสัตยกุล,วศ.บ.,จุฬาลงกรณ์มหาวิทยาลัย,2542,D.Eng.,"Toyama University, Japan",2548
หลักสูตรวิทยาศาสตรบัณฑิต สาขาวิชาเทคโนโลยีเพื่อการพัฒนายั่งยืน,คณะวิทยาศาสตร์และเทคโนโลยี,ผู้ช่วยศาสตราจารย์,ณัฐพล,จันทร์แก้ว,ร.บ.,มหาวิทยาลัยรามคำแหง,2562,,,
หลักสูตรวิทยาศาสตรบัณฑิต สาขาวิชาเทคโนโลยีเพื่อการพัฒนายั่งยืน,คณะวิทยาศาสตร์และเทคโนโลยี,อาจารย์,อมรเทพ,จิรศักดิ์จำรูญศรี,วศ.บ.,มหาวิทยาลัยธรรมศาสตร์,2553,ปร.ด.,มหาวิทยาลัยธรรมศาสตร์,2560
หลักสูตรวิทยาศาสตรบัณฑิต สาขาวิชาเทคโนโลยีเพื่อการพัฒนายั่งยืน,คณะวิทยาศาสตร์และเทคโนโลยี,ผู้ช่วยศาสตราจารย์,เยาวทัศน์,บุญกล้า,วท.บ.,สถาบันเทคโนโลยีพระจอมเกล้าฯคุณทหารลาดกระบัง,2552,Ph.D.,"Kanazawa University, Japan",2561
หลักสูตรวิทยาศาสตรบัณฑิต สาขาวิชาเทคโนโลยีเพื่อการพัฒนายั่งยืน,คณะวิทยาศาสตร์และเทคโนโลยี,อาจารย์,ณัฐพล,ใจสำรวม,วศ.บ.,มหาวิทยาลัยเทคโนโลยีมหานคร,2544,ปร.ด.,มหาวิทยาลัยธรรมศาสตร์,2563
หลักสูตรวิทยาศาสตรบัณฑิต สาขาวิชาสถาปัตยกรรม,คณะสถาปัตยกรรมศาสตร์และการผังเมือง,ผู้ช่วยศาสตราจารย์,สมรรถพล,ตาณพันธุ์,วท.บ.,มหาวิทยาลัยธรรมศาสตร์,2545,สถ.ม.,มหาวิทยาลัยธรรมศาสตร์,2547
หลักสูตรวิทยาศาสตรบัณฑิต สาขาวิชาสถาปัตยกรรม,คณะสถาปัตยกรรมศาสตร์และการผังเมือง,ผู้ช่วยศาสตราจารย์,พฤฒิพร,ลพเกิด,สถ.บ.,มหาวิทยาลัยเกษตรศาสตร์,2543,สถ.ม.,จุฬาลงกรณ์มหาวิทยาลัย,2550
หลักสูตรวิทยาศาสตรบัณฑิต สาขาวิชาสถาปัตยกรรม,คณะสถาปัตยกรรมศาสตร์และการผังเมือง,อาจารย์ ดร.,กนกวรรณ,ตระกูลยิ่งเจริญ,สถ.บ.,สถาบันเทคโนโลยีพระจอมเกล้าเจ้าคุณทหารลาดกระบัง,2544,Ph.D.,"Universita degli studi di Roma, Italy",2555
หลักสูตรวิทยาศาสตรบัณฑิต สาขาวิชาสถาปัตยกรรม,คณะสถาปัตยกรรมศาสตร์และการผังเมือง,ผู้ช่วยศาสตราจารย์,นิรันดร,ทองอรุณ,สถ.บ.,มหาวิทยาลัยรังสิต,2537,M.Arch.,"University of Michigan, Ann Arbor, USA",2549
หลักสูตรวิทยาศาสตรบัณฑิต สาขาวิชาสถาปัตยกรรม,คณะสถาปัตยกรรมศาสตร์และการผังเมือง,ผู้ช่วยศาสตราจารย์ ดร.,ชาวี,บุษยรัตน์,สถ.บ.,มหาวิทยาลัยเกษตรศาสตร์,2545,Ph.D.,"Graduate School of Arts et MetiersParis Tech, France",2553
หลักสูตรวิทยาศาสตรบัณฑิต สาขาวิชาวิทยาศาสตร์สิ่งแวดล้อม,คณะวิทยาศาสตร์และเทคโนโลยี,ผู้ช่วยศาสตราจารย์,มารุต,สุขสมจิตร,วท บ.,มหาวิทยาลัยเกษตรศาสตร์,2534,Ph.D.,"Ehime University, Japan",2552
หลักสูตรวิทยาศาสตรบัณฑิต สาขาวิชาวิทยาศาสตร์สิ่งแวดล้อม,คณะวิทยาศาสตร์และเทคโนโลยี,ผู้ช่วยศาสตราจารย์,วิลาวัณย์,ภมรสุวรรณ,วท บ.,มหาวิทยาลัยธรรมศาสตร์,2534,ผ.ด.,จุฬาลงกรณ์มหาวิทยาลัย,2549
หลักสูตรวิทยาศาสตรบัณฑิต สาขาวิชาวิทยาศาสตร์สิ่งแวดล้อม,คณะวิทยาศาสตร์และเทคโนโลยี,รองศาสตราจารย์,โรจน์,คุณเอนก,วท บ.,มหาวิทยาลัยธรรมศาสตร์,2537,,จุฬาลงกรณ์มหาวิทยาลัย,2540
หลักสูตรวิทยาศาสตรบัณฑิต สาขาวิชาวิทยาศาสตร์สิ่งแวดล้อม,คณะวิทยาศาสตร์และเทคโนโลยี,อาจารย์,ปิยานนทน์,หาพุทธา,ศ.บ.,มหาวิทยาลัยขอนแก่น,2550,Ph.D.,"มหาวิทยาลัยเทคโนโลยี
พระจอมเกล้าธนบุรี",2560
หลักสูตรวิทยาศาสตรบัณฑิต สาขาวิชาวิทยาศาสตร์สิ่งแวดล้อม,คณะวิทยาศาสตร์และเทคโนโลยี,อาจารย์,ธนาภา,นุ่มพิไล,วศ.บ.,มหาวิทยาลัยเกษตรศาสตร์,2555,ปร.ด.,มหาวิทยาลัยเกษตรศาสตร์,2562
"หลักสูตรวิทยาศาสตรบัณฑิต
สาขาวิชาเทคโนโลยีพลังงานชีวภาพและการแปรรูปเคมีชีวภาพ",คณะวิทยาศาสตร์และเทคโนโลยี,รองศาสตราจารย์,ชนาธิป,สามารถ,วท.บ.,สถาบันเทคโนโลยีพระจอมเกล้าเจ้าคุณ ทหารลาดกระบัง,2543,วศ.ด.,มหาวิทยาลัยเกษตรศาสตร์,2549
"หลักสูตรวิทยาศาสตรบัณฑิต
สาขาวิชาเทคโนโลยีพลังงานชีวภาพและการแปรรูปเคมีชีวภาพ",คณะวิทยาศาสตร์และเทคโนโลยี,รองศาสตราจารย์,สอาด,ริยะจันทร,วท.บ.,มหาวิทยาลัยเทคโนโลยีพระ จอมเกล้า พระนครเหนือ,2542,Ph.D.,มหาวิทยาลัยมหิดล,2549
"หลักสูตรวิทยาศาสตรบัณฑิต
สาขาวิชาเทคโนโลยีพลังงานชีวภาพและการแปรรูปเคมีชีวภาพ",คณะวิทยาศาสตร์และเทคโนโลยี,รองศาสตราจารย์,สุวดี,กองพารากุล,วท.บ.,จุฬาลงกรณ์มหาวิทยาลัย,2546,วท.ด.,จุฬาลงกรณ์มหาวิทยาลัย,2551
"หลักสูตรวิทยาศาสตรบัณฑิต
สาขาวิชาเทคโนโลยีพลังงานชีวภาพและการแปรรูปเคมีชีวภาพ",คณะวิทยาศาสตร์และเทคโนโลยี,ผู้ช่วยศาสตราจารย์,นันทวัฒน์,วรรณฤทธิ์,วท.บ.,มหาวิทยาลัยขอนแก่น,2547,ปร.ด.,มหาวิทยาลัยขอนแก่น,2556
"หลักสูตรวิทยาศาสตรบัณฑิต
สาขาวิชาเทคโนโลยีพลังงานชีวภาพและการแปรรูปเคมีชีวภาพ",คณะวิทยาศาสตร์และเทคโนโลยี,อาจารย์,นที,ศิริสิทธิ์,วท.บ.,มหาวิทยาลัยมหิดล,2549,Ph.D.,"Hokkaido University, Japan",2561
หลักสูตรวิทยาศาสตรบัณฑิต สาขาวิชานวัตกรรมและการแปรรูปทางดิจิทัล,วิทยาลัยนวัตกรรม,ผู้ช่วยศาสตราจารย์,นพพล,ตั้งจิตพรหม,วท.ม.,"เทคโนโลยีพระจอมเกล้า
ธนบุรี",2549,ปร.ด.,สถาบันบัณฑิตพัฒนบริหารศาสตร์,2556
หลักสูตรวิทยาศาสตรบัณฑิต สาขาวิชานวัตกรรมและการแปรรูปทางดิจิทัล,วิทยาลัยนวัตกรรม,อาจารย์,อำพล,ตังคนาวนิชย์,วศ.บ.,จุฬาลงกรณ์มหาวิทยาลัย,2538,Ph.D.,"Osaka University, Japan,",2545
หลักสูตรวิทยาศาสตรบัณฑิต สาขาวิชานวัตกรรมและการแปรรูปทางดิจิทัล,วิทยาลัยนวัตกรรม,อาจารย์,ปรีชญา,ชวลิตธำรง,สถ.บ.,จุฬาลงกรณ์มหาวิทยาลัย,2549,M.P.S.,"Cornell University, USA",2552
หลักสูตรวิทยาศาสตรบัณฑิต สาขาวิชานวัตกรรมและการแปรรูปทางดิจิทัล,วิทยาลัยนวัตกรรม,อาจารย์,จิรพล,ทับทิมหิน,วศ.บ.,มหาวิทยาลัยขอนแก่น,2519,M.Eng,Asian Institute of Technology,2527
หลักสูตรวิทยาศาสตรบัณฑิต สาขาวิชานวัตกรรมและการแปรรูปทางดิจิทัล,วิทยาลัยนวัตกรรม,อาจารย์,พชรพร,พิจารณากุล,B.B.A.,มหาวิทยาลัยบูรพา,2555,M.B.A.,มหาวิทยาลัยบูรพา,2558
หลักสูตรวิทยาศาสตรบัณฑิต สาขาวิชาวิทยาการคอมพิวเตอร์,คณะวิทยาศาสตร์และเทคโนโลยี,ผู้ช่วยศาสตราจารย์,วนิดา,พฤทธิวิทยา,วท.บ.,มหาวิทยาลัยธรรมศาสตร์,2539,Ph.D.,"Iowa State University, USA.",2549
หลักสูตรวิทยาศาสตรบัณฑิต สาขาวิชาวิทยาการคอมพิวเตอร์,คณะวิทยาศาสตร์และเทคโนโลยี,อาจารย์,นุชชากร,งามเสาวรส,วท.บ.,มหาวิทยาลัยสงขลานครินทร์,2530,พบ.ม.,สถาบันบัณฑิตพัฒนบริหารศาสตร์,2534
หลักสูตรวิทยาศาสตรบัณฑิต สาขาวิชาวิทยาการคอมพิวเตอร์,คณะวิทยาศาสตร์และเทคโนโลยี,อาจารย์,สิริกันยา,นิลพานิช,วท.บ.,มหาวิทยาลัยธรรมศาสตร์,2533,M.Sc.,"Syracuse University, USA.",2538
หลักสูตรวิทยาศาสตรบัณฑิต สาขาวิชาวิทยาการคอมพิวเตอร์,คณะวิทยาศาสตร์และเทคโนโลยี,ผู้ช่วยศาสตราจารย์,วิลาวรรณ,รักผกาวงศ์,วท.บ.,มหาวิทยาลัยธรรมศาสตร์,2534,Ph.D.,"Loughborough University, UK",2557
หลักสูตรวิทยาศาสตรบัณฑิต สาขาวิชาวิทยาการคอมพิวเตอร์,คณะวิทยาศาสตร์และเทคโนโลยี,ผู้ช่วยศาสตราจารย์,ปกป้อง,ส่องเมือง,วศ.บ.,มหาวิทยาลัยธรรมศาสตร์,2549,Ph.D.,"The University of Electro-Communications, Japan",2553
หลักสูตรวิทยาศาสตรบัณฑิต สาขาวิชาวิทยาการคอมพิวเตอร์,คณะวิทยาศาสตร์และเทคโนโลยี,ผู้ช่วยศาสตราจารย์,ธนาธร,ทะนานทอง,วศ.บ.,มหาวิทยาลัยเทคโนโลยีสุรนารี,2548,ปร.ด.,มหาวิทยาลัยธรรมศาสตร์,2557
หลักสูตรศิลปกรรมศาสตรบัณฑิต สาขาวิชาการบริหารจัดการศิลปะ,คณะศิลปกรรมศาสตร์,ผู้ช่วยศาสตารจารย์ ดร.,กฤษณะ,พันธ์เพ็ง,Β.Α.,"Royal Holloway and Bedford New College to the University of London, England.",2547,Ph.D.,"University of Exeter, England.",2555
หลักสูตรศิลปกรรมศาสตรบัณฑิต สาขาวิชาการบริหารจัดการศิลปะ,คณะศิลปกรรมศาสตร์,อาจารย์ ดร.,ณวดี,เศรษฐเมธีกุล,ศป.บ.,มหาวิทยาลัยธรรมศาสตร์,2543,Ph.D.,"University of Exeter, England.",2565
หลักสูตรศิลปกรรมศาสตรบัณฑิต สาขาวิชาการบริหารจัดการศิลปะ,คณะศิลปกรรมศาสตร์,ผู้ช่วยศาสตราจารย์,ศรุพงษ์,สุดประเสริฐ,วบ.,มหาวิทยาลัยธรรมศาสตร์,2547,ศศ.ม.,มหาวิทยาลัยมหิดล,2553
หลักสูตรศิลปกรรมศาสตรบัณฑิต สาขาวิชาการบริหารจัดการศิลปะ,คณะศิลปกรรมศาสตร์,ผู้ช่วยศาสตราจารย์,สรรพจน์,มาพบสุข,ศป.บ.,มหาวิทยาลัยศิลปากร,2541,ศป.ม.,มหาวิทยาลัยศิลปากร,2546
หลักสูตรศิลปกรรมศาสตรบัณฑิต สาขาวิชาการบริหารจัดการศิลปะ,คณะศิลปกรรมศาสตร์,ผู้ช่วยศาสตราจารย์,ศิรินทร์,ใจเที่ยง,ศศ.บ.,มหาวิทยาลัยธรรมศาสตร์,2532,สม.ม.,มหาวิทยาลัยธรรมศาสตร์,2544
หลักสูตรศิลปศาสตรบัณฑิต สาขาวิชาการจัดการมรดกวัฒนธรรมและอุตสาหกรรมสร้างสรรค์,วิทยาลัยนวัตกรรม,อาจารย์,กาญจนา,เหล่าโชคชัยกุล,ศศ.บ.,มหาวิทยาลัยทักษิณ,2548,สม.ม.,มหาวิทยาลัยธรรมศาสตร์,2552
หลักสูตรศิลปศาสตรบัณฑิต สาขาวิชาการจัดการมรดกวัฒนธรรมและอุตสาหกรรมสร้างสรรค์,วิทยาลัยนวัตกรรม,ผู้ช่วยศาสตราจารย์,เวฬุรีย์,เมธาวีวินิจ,B.S.,Thammasat University,2542,Ph.D.,"University of London, UK",2558
หลักสูตรศิลปศาสตรบัณฑิต สาขาวิชาการจัดการมรดกวัฒนธรรมและอุตสาหกรรมสร้างสรรค์,วิทยาลัยนวัตกรรม,อาจารย์,พิชชากานต์,ช่วงชัย,ศศ.บ.,มหาวิทยาลัยเชียงใหม่,2556,Ph.D.,"University of Warwick, UK",2563
หลักสูตรศิลปศาสตรบัณฑิต สาขาวิชาการจัดการมรดกวัฒนธรรมและอุตสาหกรรมสร้างสรรค์,วิทยาลัยนวัตกรรม,ผู้ช่วยศาสตราจารย์,ระวีวรรณ,ทรัพย์อินทร์,วส.บ.,มหาวิทยาลัยธรรมศาสตร์,2545,M.A.,"Academy of Art University, USA",2554
หลักสูตรศิลปศาสตรบัณฑิต สาขาวิชาการจัดการมรดกวัฒนธรรมและอุตสาหกรรมสร้างสรรค์,วิทยาลัยนวัตกรรม,อาจารย์,รัฐศาสตร์,กรสูต,ศศ.บ.,มหาวิทยาลัยธรรมศาสตร์,2540,ปร.ด,มหาวิทยาลัยเกษตรศาสตร์,2554
หลักสูตรศิลปศาสตรบัณฑิต สาขาวิชานวัตกรรมการบริการ,วิทยาลัยนวัตกรรม,ผู้ช่วยศาสตราจารย์,กาญจน์นภา,พงศ์พนรัตน์ เชี่ยวชาญ,ร.บ.,มหาวิทยาลัยธรรมศาสตร์,2540,Ph.D.,"Asian Institute of Technology, Thailand",2550
หลักสูตรศิลปศาสตรบัณฑิต สาขาวิชานวัตกรรมการบริการ,วิทยาลัยนวัตกรรม,รองศาสตราจารย์,คม,คัมภิรานนท์,ศศ.บ.,มหาวิทยาลัยเกษตรศาสตร์,2542,Ph.D,"University of Queensland, Australia",2550
หลักสูตรศิลปศาสตรบัณฑิต สาขาวิชานวัตกรรมการบริการ,วิทยาลัยนวัตกรรม,อาจารย์ ดร.,ปุริมปรัชญ์,แสงแก้ว,B.B.A.,Mahidol University International College,2550,Ph.D,"University of Surrey, UK",2562
หลักสูตรศิลปศาสตรบัณฑิต สาขาวิชานวัตกรรมการบริการ,วิทยาลัยนวัตกรรม,ผู้ช่วยศาสตราจารย์,เวฬุรีย์,เมธาวีวินิจ,B.S.,Thammasat University,2542,Ph.D.,"University of London, UK",2558
หลักสูตรศิลปศาสตรบัณฑิต สาขาวิชานวัตกรรมการบริการ,วิทยาลัยนวัตกรรม,อาจารย์,ปรีชญา,ชวลิตธำรง,สถ.บ.,จุฬาลงกรณ์มหาวิทยาลัย,2549,M.P.S,"Cornell University, USA",2552
หลักสูตรศิลปศาสตรบัณฑิต สาขาวิชาปรัชญา การเมือง และเศรษฐศาสตร์,วิทยาลัยสหวิทยาการ,อาจารย์,ปาณิศา,วิชุพงษ์,ศ.บ.,มหาวิทยาลัยธรรมศาสตร์,2545,Ph.D,Nagoya University,2559
หลักสูตรศิลปศาสตรบัณฑิต สาขาวิชาปรัชญา การเมือง และเศรษฐศาสตร์,วิทยาลัยสหวิทยาการ,อาจารย์,อรณิชา,เมี่ยงบัว,วท.บ.,มหาวิทยาลัยสงขลานครินทร์,2546,Ph.D.,Asian Institute of Technology,2563
หลักสูตรศิลปศาสตรบัณฑิต สาขาวิชาปรัชญา การเมือง และเศรษฐศาสตร์,วิทยาลัยสหวิทยาการ,ศาสตราจารย์,เรืองวิทย์,เกษสุวรรณ,ร.ด.,จุฬาลงกรณ์มหาวิทยาลัย,2544,พบ.ม.,สถาบันบัณฑิตพัฒนบริหารศาสตร์,2526
หลักสูตรศิลปศาสตรบัณฑิต สาขาวิชาปรัชญา การเมือง และเศรษฐศาสตร์,วิทยาลัยสหวิทยาการ,รองศาสตราจารย์,จุฬณี,ตันติกุลานันท์,ศ.บ.,มหาวิทยาลัยเกษตรศาสตร์,2541,Ph.D.,Queensland University,2555
หลักสูตรศิลปศาสตรบัณฑิต สาขาวิชาปรัชญา การเมือง และเศรษฐศาสตร์,วิทยาลัยสหวิทยาการ,ผู้ช่วยศาสตราจารย์,ณัฐพล,แสงอรุณ,ศ.บ.,มหาวิทยาลัยศรีนครินทรวิโรฒ,2545,ปร.ด,มหาวิทยาลัยธรรมศาสตร์,2556
หลักสูตรศิลปศาสตรบัณฑิต สาขาวิชาปรัชญา การเมือง และเศรษฐศาสตร์,วิทยาลัยสหวิทยาการ,ผู้ช่วยศาสตราจารย์ ดร.,สุมิตา,สุภากรณ์,ศศ.บ.,มหาวิทยาลัยเชียงใหม่,2538,Ph.D,University of Newcastle,2560
หลักสูตรศิลปศาสตรบัณฑิต สาขาวิชาปรัชญา การเมือง และเศรษฐศาสตร์,วิทยาลัยสหวิทยาการ,อาจารย,กฤตภาศ,ศักดิษฐานนท์,ร.บ.,มหาวิทยาลัยรามคำแหง,2562,อ.ม.,จุฬาลงกรณ์มหาวิทยาลัย,2557
หลักสูตรศิลปศาสตรบัณฑิต สาขาวิชาปรัชญา การเมือง และเศรษฐศาสตร์,วิทยาลัยสหวิทยาการ,รองศาสตราจารย ดร.,รุงนภา,เทพภาพ,สส.บ,มหาวิทยาลัยธรรมศาสตร์,2545,Ph.D,Japan College of Social Work,2560
หลักสูตรศิลปศาสตรบัณฑิต สาขาวิชาปรัชญา การเมือง และเศรษฐศาสตร์,วิทยาลัยสหวิทยาการ,ผู้ช่วยศาสตราจารย์,ชวนนท์,กาญจนสุวรรณ,ศศ.บ,มหาวิทยาลัยเชียงใหม่,2553,ศศ.ม.,มหาวิทยาลัยเชียงใหม่,2558
หลักสูตรศิลปศาสตรบัณฑิต สาขาวิชาปรัชญา การเมือง และเศรษฐศาสตร์,วิทยาลัยสหวิทยาการ,อาจารย,พงศยา,ภูมิพัฒน์โยธิน,สส.บ.,มหาวิทยาลัยธรรมศาสตร์,2549,รส.ม.,มหาวิทยาลัยธรรมศาสตร์,2552
หลักสูตรวิทยาศาสตรบัณฑิต สาขาวิชาฟิสิกส์อิเล็กทรอนิกส์,คณะวิทยาศาสตร์และเทคโนโลยี,ผู้ช่วยศาสตราจารย์,เรวัตร,ใจสุทธิ,วท.บ.,มหาวิทยาลัยธรรมศาสตร์,2547,ปร.ด.,มหาวิทยาลัยมหิดล,2555
หลักสูตรวิทยาศาสตรบัณฑิต สาขาวิชาฟิสิกส์อิเล็กทรอนิกส์,คณะวิทยาศาสตร์และเทคโนโลยี,รองศาสตราจารย์,อดิศักดิ์,ร่มพุฒตาล,วศ.บ.,สถาบันเทคโนโลยีพระจอมเกล้าเจ้าคุณทหารลาดกระบัง,2545,วศ.ด.,สถาบันเทคโนโลยีพระจอมเกล้าเจ้าคุณทหารลาดกระบัง,2560
หลักสูตรวิทยาศาสตรบัณฑิต สาขาวิชาฟิสิกส์อิเล็กทรอนิกส์,คณะวิทยาศาสตร์และเทคโนโลยี,ผู้ช่วยศาสตราจารย์,ปกรณ์,ปรีชาบูรณะ,วท.บ.,มหาวิทยาลัยธรรมศาสตร์,2543,Ph.D.,"Linkoping University, Sweden",2555
หลักสูตรวิทยาศาสตรบัณฑิต สาขาวิชาฟิสิกส์อิเล็กทรอนิกส์,คณะวิทยาศาสตร์และเทคโนโลยี,ผู้ช่วยศาสตราจารย์,ปรเมศวร์,วงศ์จอม,วท.บ.,มหาวิทยาลัยขอนแก่น,2551,ปร.ด.,มหาวิทยาลัยขอนแก่น,2561
หลักสูตรวิทยาศาสตรบัณฑิต สาขาวิชาฟิสิกส์อิเล็กทรอนิกส์,คณะวิทยาศาสตร์และเทคโนโลยี,อาจารย์,เอกรัฐ,พงษ์โอภาส,วท.บ.,มหาวิทยาลัยมหิดล,2551,ปร.ด.,มหาวิทยาลัยมหิดล,2559
หลักสูตรรัฐศาสตรบัณฑิต,คณะรัฐศาสตร์,รองศาสตราจารย์,ชลิดาภรณ์,ส่งสัมพันธ์,ร.บ.,มหาวิทยาลัยธรรมศาสตร์,2526,Ph.D.,"The Claremont Graduate School, California, U.S.A.",2534
หลักสูตรรัฐศาสตรบัณฑิต,คณะรัฐศาสตร์,รองศาสตราจารย์,ประจักษ์,ก้องกีรติ,ร.บ.,มหาวิทยาลัยธรรมศาสตร์,2540,Ph.D.,"Australian National University, Canberra, Australia",2556
หลักสูตรรัฐศาสตรบัณฑิต,คณะรัฐศาสตร์,รองศาสตราจารย์,อรรถสิทธิ์,พานแก้ว,ร.บ.,จุฬาลงกรณ์มหาวิทยาลัย,2543,Ph.D.,"Georgia State University, U.S.A.",2553
หลักสูตรรัฐศาสตรบัณฑิต,คณะรัฐศาสตร์,รองศาสตราจารย์,ชนินท์ทิรา,ณ ถลาง,ร.บ.,จุฬาลงกรณ์มหาวิทยาลัย,2543,Ph.D.,"University of Bristol, UK",2550
หลักสูตรรัฐศาสตรบัณฑิต,คณะรัฐศาสตร์,รองศาสตราจารย์,สุนิดา,อรุณพิพัฒน์,ศศ.ม.,จุฬาลงกรณ์มหาวิทยาลัย,2545,Ph.D.,"University fo Tsukuba, Japan",2555
หลักสูตรรัฐศาสตรบัณฑิต,คณะรัฐศาสตร์,ผู้ช่วยศาสตราจารย์,ประพิมพ์ฝัน,เชียงกูล,B.Sc.,"National University of Singapore, Singapore.",2551,Ph.D.,"University of Warwick, UK.",2558
หลักสูตรรัฐศาสตรบัณฑิต,คณะรัฐศาสตร์,รองศาสตราจารย์,ไตรรัตน์,โภคพลากรณ์,ร.บ.,มหาวิทยาลัยธรรมศาสตร์,2523,สส.ด.,มหาวิทยาลัยธรรมศาสตร์,2548
หลักสูตรรัฐศาสตรบัณฑิต,คณะรัฐศาสตร์,รองศาสตราจารย์,สุนิสา,ช่อแก้ว,ศศ.บ.,มหาวิทยาลัยเกษตรศาสตร์,2548,ปร.ด.,สถาบันบัณฑิตพัฒนบริหารศาสตร์,2556
หลักสูตรรัฐศาสตรบัณฑิต,คณะรัฐศาสตร์,อาจารย์,นาอิ่ม,แลนิ,ร.บ.,มหาวิทยาลัยธรรมศาสตร์,2557,Ph.D.,"University of Groningen, the Netherlands",2564
"หลักสูตรวารสารศาสตรบัณฑิต สาขาวิชาสื่อศึกษา
(หลักสูตรนานาชาติ)",คณะวารสารศาสตร์และสื่อสารมวลชน,อาจารย์,รุ่ย,จาง,B.A.,"Renmin University of China, China",2545,M.A.,"Loughborough, UK",2556
"หลักสูตรวารสารศาสตรบัณฑิต สาขาวิชาสื่อศึกษา
(หลักสูตรนานาชาติ)",คณะวารสารศาสตร์และสื่อสารมวลชน,รองศาสตราจารย์ ดร.,นิธิดา,แสงสิงแก้ว,ว.บ.,มหาวิทยาลัยธรรมศาสตร์,2538,Ph.D.,"University of Surrey, UK",2554
"หลักสูตรวารสารศาสตรบัณฑิต สาขาวิชาสื่อศึกษา
(หลักสูตรนานาชาติ)",คณะวารสารศาสตร์และสื่อสารมวลชน,ผู้ช่วยศาสตราจารย์,อัญรินทร์,อมรอิสริยาชัย,ว.บ.,มหาวิทยาลัยธรรมศาสตร์,2550,ว.ม.,มหาวิทยาลัยธรรมศาสตร์,2552
"หลักสูตรวารสารศาสตรบัณฑิต สาขาวิชาสื่อศึกษา
(หลักสูตรนานาชาติ)",คณะวารสารศาสตร์และสื่อสารมวลชน,ผู้ช่วยศาสตราจารย์,กานตชาติ,เรื่องรัตนอัมพร,ว.บ.,มหาวิทยาลัยธรรมศาสตร์,2551,M.A.,"Birmingham City University, UK",2553
"หลักสูตรวารสารศาสตรบัณฑิต สาขาวิชาสื่อศึกษา
(หลักสูตรนานาชาติ)",คณะวารสารศาสตร์และสื่อสารมวลชน,อาจารย์,เรย์,หวัง,B.A.,"Trinity University, USA.",2553,M.S.,"London School of Economics and Political Science, UK",2556
หลักสูตรศิลปศาสตรบัณฑิต สาขาวิชาวิทยาการเรียนรู้,คณะวิทยาการเรียนรู้และศึกษาศาสตร์,รองศาสตราจารย์ ดร.,ฐิติกาญจน์,อัศตรกุล,ศษ.บ.,มหาวิทยาลัยศิลปากร,2549,ศศ.ด.,จุฬาลงกรณ์มหาวิทยาลัย,2559
หลักสูตรศิลปศาสตรบัณฑิต สาขาวิชาวิทยาการเรียนรู้,คณะวิทยาการเรียนรู้และศึกษาศาสตร์,ผู้ช่วยศาสตราจารย์ ดร.,ไอยเรศ,บุญฤทธิ์,ค.บ.,จุฬาลงกรณ์มหาวิทยาลัย,2546,อ.ด.,จุฬาลงกรณ์มหาวิทยาลัย,2560
หลักสูตรศิลปศาสตรบัณฑิต สาขาวิชาวิทยาการเรียนรู้,คณะวิทยาการเรียนรู้และศึกษาศาสตร์,ผู้ช่วยศาสตราจารย์ ดร.,กิตติ,คงตุก,ค.บ.,จุฬาลงกรณ์มหาวิทยาลัย,2545,ปร.ด.,มหาวิทยาลัยมหิดล,2557
หลักสูตรศิลปศาสตรบัณฑิต สาขาวิชาวิทยาการเรียนรู้,คณะวิทยาการเรียนรู้และศึกษาศาสตร์,ผู้ช่วยศาสตรจารย์ ดร.,ชลิดา,จูงพันธ์,วท.บ.,มหาวิทยาลัยมหาสารคาม,2551,ปร.ด.,มหาวิทยาลัยมหาสารคาม,2560
หลักสูตรศิลปศาสตรบัณฑิต สาขาวิชาวิทยาการเรียนรู้,คณะวิทยาการเรียนรู้และศึกษาศาสตร์,ผู้ช่วยศาสตราจารย์ ดร.,ศรัณวิชญ์,พรหมสาขา ณ สกลนคร,ผ.บ.,มหาวิทยาลัยธรรมศาสตร์,2552,Ph.D,"University of Sassari, Italy",2558
หลักสูตรวิทยาศาสตรบัณฑิต สาขาวิชาวัสดุศาสตร์,คณะวิทยาศาสตร์และเทคโนโลยี,ผู้ช่วยศาสตราจารย์,จิรภา,ตั้งศรีตระกูล,วท.บ.,มหาวิทยาลัยธรรมศาสตร์,2549,Ph.D.,"University of Manchester, UK",2562
หลักสูตรวิทยาศาสตรบัณฑิต สาขาวิชาวัสดุศาสตร์,คณะวิทยาศาสตร์และเทคโนโลยี,รองศาสตราจารย์,เบญญา,เชิดหิรัญกร,วท.บ.,จุฬาลงกรณ์มหาวิทยาลัย,2538,Ph.D.,"University of Manchester, UK",2547
หลักสูตรวิทยาศาสตรบัณฑิต สาขาวิชาวัสดุศาสตร์,คณะวิทยาศาสตร์และเทคโนโลยี,ผู้ช่วยศาสตราจารย์,สมยศ,คงคารัตน์,วท.บ.,มหาวิทยาลัยอุบลราชธานี,2543,Ph.D.,"University of New South Wales, Australia",2554
หลักสูตรวิทยาศาสตรบัณฑิต สาขาวิชาวัสดุศาสตร์,คณะวิทยาศาสตร์และเทคโนโลยี,รองศาสตราจารย์,นันทพร,คงคะจันทร์,วท.บ.,จุฬาลงกรณ์มหาวิทยาลัย,2539,Ph.D.,"University of Southern California, U.S.A.",2548
หลักสูตรวิทยาศาสตรบัณฑิต สาขาวิชาวัสดุศาสตร์,คณะวิทยาศาสตร์และเทคโนโลยี,รองศาสตราจารย์,ชิราวุฒิ,เพชรเย็น,วท.บ.,มหาวิทยาลัยรามคำแหง,2544,ปร.ด.,จุฬาลงกรณ์มหาวิทยาลัย,2552
