cur_name_th,faculty_name_th,PLO_Type,PLO_detail
หลักสูตรสังคมวิทยาและมานุษยวิทยาบัณฑิต สาขาวิชาสังคมวิทยาและมานุษยวิทยา,คณะสังคมวิทยาและมานุษยวิทยา,Knowledge,"มีความรู้และความเข้าใจองค์ความรู้ทางสังคมวิทยาและมานุษยวิทยาที่เป็นสากล เพื่อเป็น
เครื่องมือพื้นฐานในการทำความเข้าใจปรากฏการณ์ทางสังคมวัฒนธรรม ทั้งของสังคมที่ตนเองสังกัดและ
ของสังคมอื่น"
หลักสูตรสังคมวิทยาและมานุษยวิทยาบัณฑิต สาขาวิชาสังคมวิทยาและมานุษยวิทยา,คณะสังคมวิทยาและมานุษยวิทยา,Knowledge,"สามารถนำแนวคิดทฤษฎี อธิบาย วิพากษ์ และวิจารณ์ ปรากฏการณ์ทางสังคมซึ่งมีความ
เคลื่อนไหวเปลี่ยนแปลงอยู่เสมอ"
หลักสูตรสังคมวิทยาและมานุษยวิทยาบัณฑิต สาขาวิชาสังคมวิทยาและมานุษยวิทยา,คณะสังคมวิทยาและมานุษยวิทยา,Knowledge,"สามารถประยุกต์ใช้และต่อยอดความรู้ เพื่อเป็นประโยชน์ในการดำรงชีพ และการ
ประกอบอาชีพ"
หลักสูตรสังคมวิทยาและมานุษยวิทยาบัณฑิต สาขาวิชาสังคมวิทยาและมานุษยวิทยา,คณะสังคมวิทยาและมานุษยวิทยา,Skills,"สามารถคิดวิเคราะห์ปรากฏการณ์ทั้งในระดับปัจเจกและสังคมได้อย่างเป็นระบบและ
สร้างสรรค์"
หลักสูตรสังคมวิทยาและมานุษยวิทยาบัณฑิต สาขาวิชาสังคมวิทยาและมานุษยวิทยา,คณะสังคมวิทยาและมานุษยวิทยา,Skills,"สามารถมองเห็นความเชื่อมโยงของปัจจัยต่างๆ ที่มีความเกี่ยวข้องกับมนุษย์และสังคม
และมีความสามารถในการค้นคว้า รวบรวม วิเคราะห์ และนำเสนอข้อมูลการวิจัย"
หลักสูตรสังคมวิทยาและมานุษยวิทยาบัณฑิต สาขาวิชาสังคมวิทยาและมานุษยวิทยา,คณะสังคมวิทยาและมานุษยวิทยา,Skills,"สามารถเสนอความคิด อธิบายปรากฏการณ์ทางสังคม และวิพากษ์ วิจารณ์ได้อย่างชัดเจน
และมีเหตุผล เพื่อเป็นแนวทางในการแก้ไขปัญหาและพัฒนาสังคมอย่างยั่งยืน"
หลักสูตรสังคมวิทยาและมานุษยวิทยาบัณฑิต สาขาวิชาสังคมวิทยาและมานุษยวิทยา,คณะสังคมวิทยาและมานุษยวิทยา,Ethics,มีความรับผิดชอบต่อตนเองและสังคม
หลักสูตรสังคมวิทยาและมานุษยวิทยาบัณฑิต สาขาวิชาสังคมวิทยาและมานุษยวิทยา,คณะสังคมวิทยาและมานุษยวิทยา,Ethics,เคารพในคุณค่าและศักดิ์ศรีของความเป็นมนุษย์
หลักสูตรสังคมวิทยาและมานุษยวิทยาบัณฑิต สาขาวิชาสังคมวิทยาและมานุษยวิทยา,คณะสังคมวิทยาและมานุษยวิทยา,Ethics,"พยายามทำความเข้าใจและมีความอดกลั้นในความแตกต่างของความเชื่อ ความคิดและ
วัฒนธรรมอันหลากหลายทั้งที่อยู่รอบตน สังคมอื่นรอบข้าง และสังคมวัฒนธรรมอื่นซึ่งอยู่ห่างออกไป"
หลักสูตรเศรษฐศาสตรบัณฑิต (หลักสูตรนานาชาติ),คณะเศรษฐศาสตร์,Knowledge,มีความรู้ ความเข้าใจแนวคิด ทฤษฎีเศรษฐศาสตร์ เครื่องมือพื้นฐานทางเศรษฐศาสตร์ พัฒนาการของทฤษฎี และเศรษฐศาสตร์ประยุกต์
หลักสูตรเศรษฐศาสตรบัณฑิต (หลักสูตรนานาชาติ),คณะเศรษฐศาสตร์,Knowledge,สามารถนำความรู้ทางทฤษฎี มาวิเคราะห์ปัญหาเศรษฐกิจและสังคม และสามารถให้ข้อเสนอแนะที่เป็นประโยชน์ต่อสาธารณะได้
หลักสูตรเศรษฐศาสตรบัณฑิต (หลักสูตรนานาชาติ),คณะเศรษฐศาสตร์,Knowledge,สามารถบูรณาการความรู้สาขาเศรษฐศาสตร์ กับศาสตร์สาขาอื่นๆ ได้อย่างเหมาะสม
หลักสูตรเศรษฐศาสตรบัณฑิต (หลักสูตรนานาชาติ),คณะเศรษฐศาสตร์,Knowledge,มีความสามารถในการแสวงหาความรู้ตลอดชีวิต รวมทั้งความเข้าใจอย่างเท่าทันในสถานการณ์ การเปลี่ยนแปลง และผลกระทบทางเศรษฐกิจและสังคมโลก
หลักสูตรเศรษฐศาสตรบัณฑิต (หลักสูตรนานาชาติ),คณะเศรษฐศาสตร์,Skills,มีทักษะทางปัญญา สามารถคิด วิเคราะห์ได้อย่างเป็นระบบ เป็นเหตุเป็นผล สามารถกำหนดประเด็นการศึกษา สืบค้น รวบรวมและประมวลข้อมูล
หลักสูตรเศรษฐศาสตรบัณฑิต (หลักสูตรนานาชาติ),คณะเศรษฐศาสตร์,Skills,มีทักษะในการวิเคราะห์ สังเคราะห์ แปลความหมาย และสรุปประเด็นจากแหล่งข้อมูลที่หลากหลาย นำมาวิเคราะห์ และบูรณาการความรู้เพื่อเสนอแนะแนวทางแก้ไขปัญหาทางเศรษฐกิจและสังคมได้อย่างเหมาะสม มีทักษะในการสื่อสาร
หลักสูตรเศรษฐศาสตรบัณฑิต (หลักสูตรนานาชาติ),คณะเศรษฐศาสตร์,Skills,มีทักษะในการวิเคราะห์เชิงตัวเลข และการใช้เทคโนโลยีเพื่อการศึกษาวิจัย
หลักสูตรเศรษฐศาสตรบัณฑิต (หลักสูตรนานาชาติ),คณะเศรษฐศาสตร์,Ethics,มีความตระหนักในคุณค่าและคุณธรรม จริยธรรม มีความเป็นธรรม เสียสละ มีจิตอาสา และซื่อสัตย์สุจริต
หลักสูตรเศรษฐศาสตรบัณฑิต (หลักสูตรนานาชาติ),คณะเศรษฐศาสตร์,Ethics,มีวินัย และมีความรับผิดต่อตนเองและสังคมและมีความเป็นพลเมืองที่ดี
หลักสูตรเศรษฐศาสตรบัณฑิต (หลักสูตรนานาชาติ),คณะเศรษฐศาสตร์,Ethics,เคารพสิทธิ์และรับฟังความคิดเห็นผู้อื่น รวมทั้งเคารพในคุณค่าและศักดิ์ศรีของความเป็นมนุษย์ เคารพและปฏิบัติตนตามกฎ ระเบียบและข้อบังคับขององค์กรและสังคม
หลักสูตรเศรษฐศาสตรบัณฑิต (หลักสูตรนานาชาติ),คณะเศรษฐศาสตร์,Ethics,มีจริยธรรมและจรรยาบรรณในวิชาชีพ
หลักสูตรสถาปัตยกรรมภายในบัณฑิต,คณะสถาปัตยกรรมศาสตร์และการผังเมือง,Knowledge,K 1 ปฏิบัติวิชาชีพออกแบบภายใต้ขอบเขตวิชาชีพสถาปัตยกรรมภายในได้
หลักสูตรสถาปัตยกรรมภายในบัณฑิต,คณะสถาปัตยกรรมศาสตร์และการผังเมือง,Knowledge,"K 2 สามารถนำวิธีการด้านกระบวนการออกแบบ มาสร้างสรรค์ร่วมกับทีมงาน, เพื่อแก้ไขปัญหาและพัฒนาขอบเขตงานออกแบบ"
หลักสูตรสถาปัตยกรรมภายในบัณฑิต,คณะสถาปัตยกรรมศาสตร์และการผังเมือง,Knowledge,K 3 ความรู้ด้านโครงสร้างและสร้างสรรค์ สามารถประยุกต์การออกแบบและสร้างสรรค์ องค์ความรู้ในการออกแบบเชิง Sustainable design
หลักสูตรสถาปัตยกรรมภายในบัณฑิต,คณะสถาปัตยกรรมศาสตร์และการผังเมือง,Skills,S 1 มีทักษะด้านการสื่อสารและนำเสนอผลงาน
หลักสูตรสถาปัตยกรรมภายในบัณฑิต,คณะสถาปัตยกรรมศาสตร์และการผังเมือง,Skills,S 2 มีทักษะกระบวนการคิดเชิง Critical thinking Creative Collaborative Communicative
หลักสูตรสถาปัตยกรรมภายในบัณฑิต,คณะสถาปัตยกรรมศาสตร์และการผังเมือง,Skills,S 3 มีทักษะการแก้ไขปัญหา Problem solving skill
หลักสูตรสถาปัตยกรรมภายในบัณฑิต,คณะสถาปัตยกรรมศาสตร์และการผังเมือง,Ethics,E 1 มีความรับผิดชอบต่อวิชาชีพ และเคารพใน
หลักสูตรสถาปัตยกรรมภายในบัณฑิต,คณะสถาปัตยกรรมศาสตร์และการผังเมือง,Ethics,E 2 มีจรรยาบรรณวิชาชีพ
หลักสูตรสถาปัตยกรรมภายในบัณฑิต,คณะสถาปัตยกรรมศาสตร์และการผังเมือง,Ethics,E 3 ซื่อสัตย์
หลักสูตรศิลปศาสตรบัณฑิต,ศิลปศาสตร์,Knowledge,ผู้เรียนสามารถอธิบายหลักการสื่อสารข้ามวัฒนธรรม ความหลากหลายทางวัฒนธรรม และความท้าทายของสังคมพหุวัฒนธรรม
หลักสูตรศิลปศาสตรบัณฑิต,ศิลปศาสตร์,Knowledge,ผู้เรียนสามารถวิเคราะห์ประเด็นสำคัญในโลกร่วมสมัยผ่านมุมมองที่หลากหลาย
หลักสูตรศิลปศาสตรบัณฑิต,ศิลปศาสตร์,Knowledge,ผู้เรียนสามารถอธิบายแนวคิดและทฤษฎีด้านบรรณารักษศาสตร์และสารสนเทศศาสตร์
หลักสูตรศิลปศาสตรบัณฑิต,ศิลปศาสตร์,Knowledge,ผู้เรียนสามารถประยุกต์แนวคิดและหลักการเพื่อการจัดการทรัพยากรสารสนเทศ
หลักสูตรศิลปศาสตรบัณฑิต,ศิลปศาสตร์,Skills,ผู้เรียนสามารถสื่อสารภาษาไทยได้อย่างมีประสิทธิภาพ
หลักสูตรศิลปศาสตรบัณฑิต,ศิลปศาสตร์,Skills,ผู้เรียนสามารถสื่อสารภาษาอังกฤษได้อย่างมีประสิทธิภาพ
หลักสูตรศิลปศาสตรบัณฑิต,ศิลปศาสตร์,Skills,ผู้เรียนสามารถประเมินค่าข้อมูลและสื่อได้อย่างมีวิจารณญาณ
หลักสูตรศิลปศาสตรบัณฑิต,ศิลปศาสตร์,Skills,ผู้เรียนสามารถประยุกต์ใช้เทคโนโลยีสารสนเทศเพื่อการจัดการสารสนเทศ
หลักสูตรศิลปศาสตรบัณฑิต,ศิลปศาสตร์,Skills,ผู้เรียนสามารถวิเคราะห์และนำเสนอการบริการสารสนเทศที่เหมาะสมต่อความต้องการของผู้ใช้สารสนเทศ
หลักสูตรศิลปศาสตรบัณฑิต,ศิลปศาสตร์,Skills,ผู้เรียนสามารถประยุกต์ทักษะการวิจัยเพื่อการดำเนินงานในด้านบรรณารักษศาสตร์และสารสนเทศศาสตร์
หลักสูตรศิลปศาสตรบัณฑิต,ศิลปศาสตร์,Ethics,ผู้เรียนมีความรับผิดชอบ เคารพระเบียบ และมีคุณธรรมจริยธรรม
หลักสูตรศิลปศาสตรบัณฑิต,ศิลปศาสตร์,Ethics,ผู้เรียนตระหนักรู้คุณธรรม และจรรยาบรรณบรรณารักษ์และนักสารสนเทศ
หลักสูตรศิลปศาสตรบัณฑิต,ศิลปศาสตร์,Character,ผู้เรียนยอมรับคุณค่าในความหลากหลายของมนุษย์ซึ่งเป็นผลมาจากความแตกต่างทางด้านภูมิศาสตร์ เชื้อชาติ วัฒนธรรม เพศ และชนชั้น
หลักสูตรศิลปศาสตรบัณฑิต,ศิลปศาสตร์,Character,ผู้เรียนมีทักษะการเรียนรู้ตลอดชีวิตและมุ่งมั่นที่จะพัฒนาตนเอง
หลักสูตรศิลปศาสตรบัณฑิต,ศิลปศาสตร์,Character,ผู้เรียนมีทักษะในการบริหารจัดการอารมณ์ ทำงานร่วมกันผู้อื่น และปรับตัวเข้ากับวัฒนธรรมการทำงานที่หลากหลาย
หลักสูตรสังคมวิทยาและมานุษยวิทยาบัณฑิต สาขาวิชาการวิจัยทางสังคม,คณะสังคมวิทยาและมานุษยวิทยา,Knowledge,"มีความรู้ ความเข้าใจองค์ความรู้ต่างๆ ที่เกี่ยวข้องกับการวิจัยสังคม ทั้งในส่วนของปรัชญาการ
วิจัย เครื่องมือและระเบียบวิธีวิจัยทางสังคมในรูปแบบต่างๆ รวมไปถึง แนวคิด ทฤษฎีทางสังคมวิทยาและ
มานุษยวิทยาที่เกี่ยวข้อง"
หลักสูตรสังคมวิทยาและมานุษยวิทยาบัณฑิต สาขาวิชาการวิจัยทางสังคม,คณะสังคมวิทยาและมานุษยวิทยา,Knowledge,"สามารถนำองค์ความรู้ด้านการวิจัย เครื่องมือและระเบียบวิจัยทางสังคม รวมถึงแนวคิดทาง
สังคมวิทยาและมานุษยวิทยาไปปรับประยุกต์ใช้เพื่อทำความเข้าใจ อธิบาย วิเคราะห์ วิพากษ์ และวิจารณ์
ปรากฏการณ์ทางสังคมต่างๆ ที่มีความเคลื่อนไหวเปลี่ยนแปลงอยู่เสมอ"
หลักสูตรสังคมวิทยาและมานุษยวิทยาบัณฑิต สาขาวิชาการวิจัยทางสังคม,คณะสังคมวิทยาและมานุษยวิทยา,Knowledge,"สามารถนำองค์ความรู้จากสาขาวิชาวิจัยทางสังคมไปประยุกต์ใช้และต่อยอดความรู้เพื่อศึกษา
ต่อระดับสูง หรือ ประกอบอาชีพทั้งในหน่วยงานภาครัฐและเอกชนได้อย่างมีประสิทธิภาพ"
หลักสูตรสังคมวิทยาและมานุษยวิทยาบัณฑิต สาขาวิชาการวิจัยทางสังคม,คณะสังคมวิทยาและมานุษยวิทยา,Skills,"สามารถประยุกต์ใช้ทักษะทางการวิจัยทางสังคมในการตั้งคำถาม ค้นคว้า รวบรวม และ
วิเคราะห์ข้อมูลเพื่อทำความเข้าใจปรากฏการณ์ต่างๆ ที่เกิดขึ้นทั้งในระดับปัจเจกและระดับสังคมได้อย่างเป็น
ระบบและสร้างสรรค์"
หลักสูตรสังคมวิทยาและมานุษยวิทยาบัณฑิต สาขาวิชาการวิจัยทางสังคม,คณะสังคมวิทยาและมานุษยวิทยา,Skills,"สามารถสะท้อนให้เห็นความเชื่อมโยงและความซับซ้อนของปัจจัยต่างๆ ที่มีความเกี่ยวข้องกับ
มนุษย์และสังคมได้อย่างลึกซึ้ง"
หลักสูตรสังคมวิทยาและมานุษยวิทยาบัณฑิต สาขาวิชาการวิจัยทางสังคม,คณะสังคมวิทยาและมานุษยวิทยา,Skills,"สามารถนำข้อมูลและผลจากการวิจัย ไปประยุกต์ใช้เพื่ออธิบายปรากฏการณ์ทางสังคม และ
วิพากษ์วิจารณ์ได้อย่างชัดเจน เป็นระบบ และมีเหตุผล เพื่อค้นหาแนวทางในการแก้ไขปัญหาและพัฒนา
สังคมอย่างยั่งยืน"
หลักสูตรสังคมวิทยาและมานุษยวิทยาบัณฑิต สาขาวิชาการวิจัยทางสังคม,คณะสังคมวิทยาและมานุษยวิทยา,Ethics,มีความรับผิดชอบในการวิจัย คำนึงถึงความรับผิดชอบทั้งต่อตนเองและผู้อื่น
หลักสูตรสังคมวิทยาและมานุษยวิทยาบัณฑิต สาขาวิชาการวิจัยทางสังคม,คณะสังคมวิทยาและมานุษยวิทยา,Ethics,เคารพในคุณค่าและศักดิ์ศรีของความเป็นมนุษย์
หลักสูตรสังคมวิทยาและมานุษยวิทยาบัณฑิต สาขาวิชาการวิจัยทางสังคม,คณะสังคมวิทยาและมานุษยวิทยา,Ethics,"พยายามทำความเข้าใจและมีความอดกลั้นในความแตกต่างของความเชื่อ ความคิดและ
วัฒนธรรมอันหลากหลายทั้งที่อยู่รอบตน สังคมอื่นรอบข้าง และสังคมวัฒนธรรมอื่นซึ่งอยู่ห่างออกไป"
หลักสูตรเศรษฐศาสตรบัณฑิต,คณะเศรษฐศาสตร์,Knowledge,มีความรู้ ความเข้าใจแนวคิด ทฤษฎีเศรษฐศาสตร์ เครื่องมือพื้นฐานทางเศรษฐศาสตร์ พัฒนาการของทฤษฎี และเศรษฐศาสตร์ประยุกต์
หลักสูตรเศรษฐศาสตรบัณฑิต,คณะเศรษฐศาสตร์,Knowledge,สามารถนำความรู้ทางทฤษฎี มาวิเคราะห์ปัญหาเศรษฐกิจและสังคม และสามารถให้ ข้อเสนอแนะที่เป็นประโยชน์ต่อสาธารณะได้
หลักสูตรเศรษฐศาสตรบัณฑิต,คณะเศรษฐศาสตร์,Knowledge,สามารถบูรณาการความรู้สาขาเศรษฐศาสตร์ กับศาสตร์สาขาอื่นๆ ได้อย่างเหมาะสม
หลักสูตรเศรษฐศาสตรบัณฑิต,คณะเศรษฐศาสตร์,Knowledge,มีความสามารถในการแสวงหาความรู้ตลอดชีวิต รวมทั้งความเข้าใจอย่างเท่าทันใน สถานการณ์ การเปลี่ยนแปลง และผลกระทบทางเศรษฐกิจและสังคมโลก
หลักสูตรเศรษฐศาสตรบัณฑิต,คณะเศรษฐศาสตร์,Skills,มีทักษะทางปัญญา สามารถคิด วิเคราะห์ได้อย่างเป็นระบบ เป็นเหตุเป็นผล สามารถ กำหนดประเด็นการศึกษา สืบค้น รวบรวมและประมวลข้อมูล
หลักสูตรเศรษฐศาสตรบัณฑิต,คณะเศรษฐศาสตร์,Skills,มีทักษะในการวิเคราะห์ สังเคราะห์ แปลความหมาย และสรุปประเด็นจากแหล่งข้อมูลที่ หลากหลาย นำมาวิเคราะห์ และบูรณาการความรู้เพื่อเสนอแนะแนวทางแก้ไขปัญหาทาง เศรษฐกิจและสังคมได้อย่างเหมาะสม มีทักษะในการสื่อสาร
หลักสูตรเศรษฐศาสตรบัณฑิต,คณะเศรษฐศาสตร์,Skills,มีทักษะในการวิเคราะห์เชิงตัวเลข และการใช้เทคโนโลยีเพื่อการศึกษาวิจัย
หลักสูตรเศรษฐศาสตรบัณฑิต,คณะเศรษฐศาสตร์,Ethics,มีความตระหนักในคุณค่าและคุณธรรม จริยธรรม มีความเป็นธรรม เสียสละ มีจิตอาสา และซื่อสัตย์สุจริต
หลักสูตรเศรษฐศาสตรบัณฑิต,คณะเศรษฐศาสตร์,Ethics,มีวินัย และมีความรับผิดต่อตนเองและสังคมและมีความเป็นพลเมืองที่ดี
หลักสูตรเศรษฐศาสตรบัณฑิต,คณะเศรษฐศาสตร์,Ethics,เคารพสิทธิ์และรับฟังความคิดเห็นผู้อื่น รวมทั้งเคารพในคุณค่าและศักดิ์ศรีของความเป็น มนุษย์ เคารพและปฏิบัติตนตามกฎ ระเบียบและข้อบังคับขององค์กรและสังคม
หลักสูตรเศรษฐศาสตรบัณฑิต,คณะเศรษฐศาสตร์,Ethics,มีจริยธรรมและจรรยาบรรณในวิชาชีพ
หลักสูตรศิลปศาสตรบัณฑิต สาขาวิชาภาษาอังกฤษ,คณะศิลปศาสตร์,Knowledge,ใช้ความรู้ภาษาอังกฤษด้านภาษาศาสตร์ วรรณคดี การแปลและล่าม และทักษะการฟัง พูด อ่าน เขียน ในการสื่อสารและประกอบอาชีพ
หลักสูตรศิลปศาสตรบัณฑิต สาขาวิชาภาษาอังกฤษ,คณะศิลปศาสตร์,Skills,สื่อสารภาษาไทยได้อย่างมีประสิทธิภาพ
หลักสูตรศิลปศาสตรบัณฑิต สาขาวิชาภาษาอังกฤษ,คณะศิลปศาสตร์,Skills,สื่อสารภาษาอังกฤษได้อย่างมีประสิทธิภาพ
หลักสูตรศิลปศาสตรบัณฑิต สาขาวิชาภาษาอังกฤษ,คณะศิลปศาสตร์,Skills,ใช้เทคโนโลยีและสื่อดิจิทัลเพื่อส่งเสริมการใช้ภาษาได้อย่างมีประสิทธิภาพ
หลักสูตรศิลปศาสตรบัณฑิต สาขาวิชาภาษาอังกฤษ,คณะศิลปศาสตร์,Skills,มีทักษะในการปรับตัวและจัดการกับการเปลี่ยนแปลงของสถานการณ์รอบตัว (resilience)
หลักสูตรศิลปศาสตรบัณฑิต สาขาวิชาภาษาอังกฤษ,คณะศิลปศาสตร์,Ethics,ปฏิบัติตนให้อยู่ในจริยธรรมและคุณธรรม
หลักสูตรภูมิสถาปัตยกรรมศาสตรบัณฑิต,คณะสถาปัตยกรรมศาสตร์และการผังเมือง,Knowledge,สามารถสร้างสรรค์งานวางผังบริเวณและออกแบบภูมิสถาปัตยกรรม อย่างเข้าใจในมนุษย์ สังคมสิ่งแวดล้อม เพื่อการพัฒนาที่ยั่งยืน ลดความเหลื่อมล้ำของสังคม และใช้ทรัพยากรอย่างคุ้มค่าและเท่าเทียม
หลักสูตรภูมิสถาปัตยกรรมศาสตรบัณฑิต,คณะสถาปัตยกรรมศาสตร์และการผังเมือง,Knowledge,สามารถวิเคราะห์แผนนโยบาย การวางผังและการออกแบบภูมิสถาปัตยกรรม
หลักสูตรภูมิสถาปัตยกรรมศาสตรบัณฑิต,คณะสถาปัตยกรรมศาสตร์และการผังเมือง,Skills,สามารถใช้ทักษะทางดิจิทัลและเทคโนโลยี เพื่อการออกแบบและการค้นคว้าข้อมูล
หลักสูตรภูมิสถาปัตยกรรมศาสตรบัณฑิต,คณะสถาปัตยกรรมศาสตร์และการผังเมือง,Skills,สามารถประสานความร่วมมือและแสดงออกถึงความเป็นผู้ประกอบการ
หลักสูตรภูมิสถาปัตยกรรมศาสตรบัณฑิต,คณะสถาปัตยกรรมศาสตร์และการผังเมือง,Skills,สามารถสื่อสารกับผู้ร่วมงานและนักวิชาชีพที่เกี่ยวข้อง รวมถึงสามารถนำเสนองานและเจรจาต่อรองเชิงธุรกิจ
หลักสูตรภูมิสถาปัตยกรรมศาสตรบัณฑิต,คณะสถาปัตยกรรมศาสตร์และการผังเมือง,Ethics,มีความรับผิดชอบต่อจรรยาบรรณวิชาชีพ มีมารยาทในการทำงาน และมีจิตสาธารณะ
หลักสูตรศิลปศาสตรบัณฑิต สาขาวิชาภาษาไทย,ศิลปศาสตร์,Knowledge,ผู้เรียนสามารถอธิบายลักษณะและพัฒนาการของภาษาและวรรณกรรมไทยได้
หลักสูตรศิลปศาสตรบัณฑิต สาขาวิชาภาษาไทย,ศิลปศาสตร์,Knowledge,ผู้เรียนสามารถอธิบายหลักการ แนวคิด หรือทฤษฎีทางภาษาและวรรณกรรมไทยได้
หลักสูตรศิลปศาสตรบัณฑิต สาขาวิชาภาษาไทย,ศิลปศาสตร์,Skills,ผู้เรียนสามารถสื่อสารภาษาไทยได้อย่างมีประสิทธิภาพ
หลักสูตรศิลปศาสตรบัณฑิต สาขาวิชาภาษาไทย,ศิลปศาสตร์,Skills,ผู้เรียนสามารถสื่อสารภาษาอังกฤษได้อย่างมีประสิทธิภาพ
หลักสูตรศิลปศาสตรบัณฑิต สาขาวิชาภาษาไทย,ศิลปศาสตร์,Skills,ผู้เรียนสามารถใช้เทคโนโลยีเพื่อการสื่อสารและสืบค้นข้อมูลได้ตามวัตถุประสงค์
หลักสูตรศิลปศาสตรบัณฑิต สาขาวิชาภาษาไทย,ศิลปศาสตร์,Skills,ผู้เรียนสามารถวิเคราะห์ประเด็นปัญหาที่เกี่ยวกับภาษาและวรรณกรรมไทยได้
หลักสูตรศิลปศาสตรบัณฑิต สาขาวิชาภาษาไทย,ศิลปศาสตร์,Ethics,ผู้เรียนสามารถใช้ความรู้ทางภาษาและวรรณกรรมไทยผลิตผลงานสร้างสรรค์หรืองานวิชาการได้อย่างมีจริยธรรม
หลักสูตรวิทยาศาสตรบัณฑิต สาขาวิชาภูมิศาสตร์และภูมิสารสนเทศ,คณะศิลปศาสตร์,Knowledge,ผู้เรียนสามารถอธิบายหลักการสื่อสารข้ามวัฒนธรรม ความหลากหลายทางวัฒนธรรมและความท้าทายของสังคมพหุวัฒนธรรม
หลักสูตรวิทยาศาสตรบัณฑิต สาขาวิชาภูมิศาสตร์และภูมิสารสนเทศ,คณะศิลปศาสตร์,Knowledge,ผู้เรียนสามารถวิเคราะห์ประเด็นสำคัญในโลกร่วมสมัยผ่านมุมมองที่หลากหลาย
หลักสูตรวิทยาศาสตรบัณฑิต สาขาวิชาภูมิศาสตร์และภูมิสารสนเทศ,คณะศิลปศาสตร์,Knowledge,อธิบายความรู้ แนวคิด ทฤษฎีพื้นฐานทางภูมิศาสตร์ ทั้งกลุ่มวิชาภูมิศาสตร์มนุษย์ ภูมิศาสตร์กายภาพ และเทคโนโลยีภูมิสารสนเทศ
หลักสูตรวิทยาศาสตรบัณฑิต สาขาวิชาภูมิศาสตร์และภูมิสารสนเทศ,คณะศิลปศาสตร์,Knowledge,เชื่อมโยงความรู้ทางทางภูมิศาสตร์และภูมิสารสนเทศ เพื่อประยุกต์ในการศึกษาปรากฏการณ์เชิงพื้นที่ได้อย่างเหมาะสม
หลักสูตรวิทยาศาสตรบัณฑิต สาขาวิชาภูมิศาสตร์และภูมิสารสนเทศ,คณะศิลปศาสตร์,Knowledge,วิเคราะห์ประเด็นหรือปัญหาเชิงพื้นที่ด้วยองค์ความรู้ทางภูมิศาสตร์และภูมิสารสนเทศได้
หลักสูตรวิทยาศาสตรบัณฑิต สาขาวิชาภูมิศาสตร์และภูมิสารสนเทศ,คณะศิลปศาสตร์,Skills,ผู้เรียนสามารถสื่อสารภาษาไทยได้อย่างมีประสิทธิภาพ
หลักสูตรวิทยาศาสตรบัณฑิต สาขาวิชาภูมิศาสตร์และภูมิสารสนเทศ,คณะศิลปศาสตร์,Skills,ผู้เรียนสามารถสื่อสารภาษาอังกฤษได้อย่างมีประสิทธิภาพ
หลักสูตรวิทยาศาสตรบัณฑิต สาขาวิชาภูมิศาสตร์และภูมิสารสนเทศ,คณะศิลปศาสตร์,Skills,ใช้เครื่องมือ โปรแกรม และเทคโนโลยีภูมิสารสนเทศได้อย่างถูกต้อง
หลักสูตรวิทยาศาสตรบัณฑิต สาขาวิชาภูมิศาสตร์และภูมิสารสนเทศ,คณะศิลปศาสตร์,Skills,สร้างสรรค์องค์ความรู้ ผลงานได้อย่างถูกต้องตรงตามหลักวิชาการ สอดคล้องกับความต้องการทางสังคมและความก้าวหน้าทางวิทยาการ
หลักสูตรวิทยาศาสตรบัณฑิต สาขาวิชาภูมิศาสตร์และภูมิสารสนเทศ,คณะศิลปศาสตร์,Skills,ถ่ายทอดองค์ความรู้ทางภูมิศาสตร์และเทคโนโลยีภูมิสารสนเทศได้อย่างมีประสิทธิภาพ
หลักสูตรวิทยาศาสตรบัณฑิต สาขาวิชาภูมิศาสตร์และภูมิสารสนเทศ,คณะศิลปศาสตร์,Ethics,ผู้เรียนมีความรับผิดชอบ เคารพระเบียบ และมีคุณธรรมจริยธรรม
หลักสูตรวิทยาศาสตรบัณฑิต สาขาวิชาภูมิศาสตร์และภูมิสารสนเทศ,คณะศิลปศาสตร์,ลัษณะบุคคล (Character),ผู้เรียนยอมรับคุณค่าในความหลากหลายของมนุษย์ซึ่งเป็นผลมาจากความแตกต่างทางด้านภูมิศาสตร์ เชื้อชาติ วัฒนธรรม เพศ และชนชั้น
หลักสูตรวิทยาศาสตรบัณฑิต สาขาวิชาภูมิศาสตร์และภูมิสารสนเทศ,คณะศิลปศาสตร์,ลัษณะบุคคล (Character),ผู้เรียนมีทักษะการเรียนรู้ตลอดชีวิตและมุ่งมั่นที่จะพัฒนาตนเอง
หลักสูตรวิทยาศาสตรบัณฑิต สาขาวิชาภูมิศาสตร์และภูมิสารสนเทศ,คณะศิลปศาสตร์,ลัษณะบุคคล (Character),ผู้เรียนมีทักษะในการบริหารจัดการอารมณ์ ทำงานร่วมกันผู้อื่น และปรับตัวเข้ากับวัฒนธรรมการทำงานที่หลากหลาย
หลักสูตรศิลปศาสตรบัณฑิต สาขาวิชาอาณาบริเวณศึกษา,คณะศิลปศาสตร์,Knowledge,มีทักษะและองค์ความรู้ในอาณาบริเวณที่ตนเองศึกษา
หลักสูตรศิลปศาสตรบัณฑิต สาขาวิชาอาณาบริเวณศึกษา,คณะศิลปศาสตร์,Knowledge,มีทักษะการสื่อสารภาษาไทยและภาษาต่างประเทศอย่างมีประสิทธิภาพ
หลักสูตรศิลปศาสตรบัณฑิต สาขาวิชาอาณาบริเวณศึกษา,คณะศิลปศาสตร์,Knowledge,สามารถคิด วิเคราะห์ วิพากษ์ เรียบเรียง รวมถึงนำเสนอได้อย่างมีเหตุผลและน่าเชื่อถือ
หลักสูตรศิลปศาสตรบัณฑิต สาขาวิชาอาณาบริเวณศึกษา,คณะศิลปศาสตร์,Knowledge,สามารถบูรณาการทักษะและองค์ความรู้ทางด้านอาณาบริเวณศึกษา เพื่อนำไปประยุกต์ใช้ในการประกอบอาชีพและสร้างคุณประโยชน์ต่อตนเองและสังคมส่วนรวม
หลักสูตรศิลปศาสตรบัณฑิต สาขาวิชาอาณาบริเวณศึกษา,คณะศิลปศาสตร์,Knowledge,มีทักษะการทำงานวิจัย ค้นคว้า และประยุกต์ใช้ข้อมูลสารสนเทศได้อย่างมีประสิทธิภาพ
หลักสูตรศิลปศาสตรบัณฑิต สาขาวิชาอาณาบริเวณศึกษา,คณะศิลปศาสตร์,Knowledge,ตระหนักรู้ เข้าใจ ยอมรับความแตกต่าง และเคารพในความหลากหลายของคนในสังคม
หลักสูตรศิลปศาสตรบัณฑิต สาขาวิชาอาณาบริเวณศึกษา,คณะศิลปศาสตร์,Knowledge,มีคุณธรรมจริยธรรม มุ่งมั่นพัฒนาตนเอง และมีคุณลักษณะ GREATS ของธรรมศาสตร์เพื่อมุ่งสู่การเป็นผู้นำแห่งศตวรรษที่ 21 ได้แก่ ทันโลกทันสังคม (Global mindset) สำนึกรับผิดชอบอย่างยั่งยืน (Responsibility) สื่อสารอย่างสร้างสรรค์ทรงพลัง (Eloquence) มีสุนทรียะในหัวใจ (Aesthetic appreciation) เป็นผู้นำ ทำงานเป็นทีม (Team leader) และมีจิตวิญญาณธรรมศาสตร์ (Spirit of Thammasat)
หลักสูตรศิลปศาสตรบัณฑิต สาขาวิชาอาณาบริเวณศึกษา,คณะศิลปศาสตร์,Skills,ปรับตัวเข้ากับสังคมและการทำงานกลุ่มที่ได้รับมอบหมายได้
หลักสูตรศิลปศาสตรบัณฑิต สาขาวิชาอาณาบริเวณศึกษา,คณะศิลปศาสตร์,Skills,รับผิดชอบต่อตนเองและสังคม
หลักสูตรศิลปศาสตรบัณฑิต สาขาวิชาอาณาบริเวณศึกษา,คณะศิลปศาสตร์,Skills,ประยุกต์เทคโนโลยีสารสนเทศเพื่อเข้าถึงฐานข้อมูล โดยวิเคราะห์ความน่าเชื่อถือของข้อมูลเพื่อนำมาใช้ได้อย่างเหมาะสม
หลักสูตรศิลปศาสตรบัณฑิต สาขาวิชาอาณาบริเวณศึกษา,คณะศิลปศาสตร์,Skills,ประยุกต์ใช้ทักษะความเป็นผู้ประกอบการและความคิดสร้างสรรค์เพื่อพัฒนาผลิตภัณฑ์ บริการ หรือเนื้อหาทางด้านอาณาบริเวณศึกษาในสื่อสาธารณะได้
หลักสูตรศิลปศาสตรบัณฑิต สาขาวิชาอาณาบริเวณศึกษา,คณะศิลปศาสตร์,Skills,ผลิตงานวิจัยตามหลักวิชาการด้วยองค์ความรู้ด้านอาณาบริเวณศึกษาในระดับพื้นฐาน โดยตระหนักถึงจรรยาบรรณพื้นฐานด้านการวิจัย
หลักสูตรศิลปศาสตรบัณฑิต สาขาวิชาอังกฤษ-อเมริกันศึกษา,คณะศิลปศาสตร์,Knowledge,ผู้เรียนสามารถอธิบายบทบาทและอิทธิพลของประเทศอังกฤษและสหรัฐอเมริกาในบริบททางวรรณกรรม ประวัติศาสตร์ การเมือง และวัฒนธรรม
หลักสูตรศิลปศาสตรบัณฑิต สาขาวิชาอังกฤษ-อเมริกันศึกษา,คณะศิลปศาสตร์,Knowledge,ผู้เรียนสามารถวิเคราะห์บทบาทและอิทธิพลของประเทศอังกฤษและสหรัฐอเมริกาในบริบททางวรรณกรรม ประวัติศาสตร์ การเมือง และวัฒนธรรม
หลักสูตรศิลปศาสตรบัณฑิต สาขาวิชาอังกฤษ-อเมริกันศึกษา,คณะศิลปศาสตร์,Knowledge,ผู้เรียนสามารถวิพากษ์บทบาทและอิทธิพลของประเทศอังกฤษและสหรัฐอเมริกาในบริบททางวรรณกรรม ประวัติศาสตร์ การเมือง และวัฒนธรรม
หลักสูตรศิลปศาสตรบัณฑิต สาขาวิชาอังกฤษ-อเมริกันศึกษา,คณะศิลปศาสตร์,Skills,ผู้เรียนสามารถสื่อสารภาษาอังกฤษหรือภาษาต่างประเทศได้อย่างมีประสิทธิภาพ ทั้งทักษะการพูดและการเขียนในบริบทการประกอบอาชีพและบริบททางวิชาการ
หลักสูตรศิลปศาสตรบัณฑิต สาขาวิชาอังกฤษ-อเมริกันศึกษา,คณะศิลปศาสตร์,Skills,ผู้เรียนสามารถประยุกต์ใช้ทักษะภาษาอังกฤษและความรู้เกี่ยวกับอังกฤษ-อเมริกันศึกษาในการประกอบอาชีพ
หลักสูตรศิลปศาสตรบัณฑิต สาขาวิชาอังกฤษ-อเมริกันศึกษา,คณะศิลปศาสตร์,Ethics,ผู้เรียนเคารพสิทธิและรับฟังความคิดเห็นที่แตกต่างหลากหลายของผู้อื่น
หลักสูตรศิลปศาสตรบัณฑิต สาขาวิชาอังกฤษ-อเมริกันศึกษา,คณะศิลปศาสตร์,Ethics,ผู้เรียนมีวินัย ตรงต่อเวลา และมีความรับผิดชอบต่อตนเอง
หลักสูตรศิลปศาสตรบัณฑิต สาขาวิชาการแปลและล่ามในยุคดิจิทัล,คณะศิลปศาสตร์,Knowledge,มีความรู้เรื่องหลักการแปลและล่าม และการสื่อสารระหว่างวัฒนธรรมในระดับดี
หลักสูตรศิลปศาสตรบัณฑิต สาขาวิชาการแปลและล่ามในยุคดิจิทัล,คณะศิลปศาสตร์,Knowledge,มีความรู้เรื่องเทคโนโลยีด้านการแปลและล่ามในระดับดี
หลักสูตรศิลปศาสตรบัณฑิต สาขาวิชาการแปลและล่ามในยุคดิจิทัล,คณะศิลปศาสตร์,Knowledge,"สามารถประยุกต์ความรู้ด้านการแปลและล่ามและศาสตร์แขนงอื่น ๆ ที่เกี่ยวข้องเพื่อใช้
ในการประกอบอาชีพด้านการแปลและล่าม หรือปฏิบัติงานสายวิชาการด้านการแปลและล่าม"
หลักสูตรศิลปศาสตรบัณฑิต สาขาวิชาการแปลและล่ามในยุคดิจิทัล,คณะศิลปศาสตร์,Skills,"สามารถใช้ภาษาไทยและภาษาอังกฤษได้อย่างมีประสิทธิภาพ โดยฟังพูดอ่านเขียน
ภาษาอังกฤษได้เทียบเท่าระดับมาตรฐานอย่างน้อยระดับ B2"
หลักสูตรศิลปศาสตรบัณฑิต สาขาวิชาการแปลและล่ามในยุคดิจิทัล,คณะศิลปศาสตร์,Skills,สามารถค้นคว้าหาข้อมูลในการทำงานแปลและล่าม และวิเคราะห์ต้นฉบับได้อย่างดี
หลักสูตรศิลปศาสตรบัณฑิต สาขาวิชาการแปลและล่ามในยุคดิจิทัล,คณะศิลปศาสตร์,Skills,"สามารถวิเคราะห์และเข้าใจปัญหาด้านการแปลและล่าม และเสนอแนะแนะทางแก้ไขได้
อย่างเหมาะสมกับลักษณะงาน"
หลักสูตรศิลปศาสตรบัณฑิต สาขาวิชาการแปลและล่ามในยุคดิจิทัล,คณะศิลปศาสตร์,Skills,"สามารถวิเคราะห์และเข้าใจปัญหาในการใช้เทคโนโลยีช่วยแปล และเสนอแนะแนว
ทางแก้ไขได้อย่างเหมาะสมกับลักษณะงาน"
หลักสูตรศิลปศาสตรบัณฑิต สาขาวิชาการแปลและล่ามในยุคดิจิทัล,คณะศิลปศาสตร์,Ethics,มีวินัย ตรงต่อเวลา เสียสละ ซื่อสัตย์สุจริต และมีความรับผิดชอบต่อตนเองและสังคม
หลักสูตรศิลปศาสตรบัณฑิต สาขาวิชาการแปลและล่ามในยุคดิจิทัล,คณะศิลปศาสตร์,Ethics,เป็นแบบอย่างที่ดี เข้าใจผู้อื่น และเข้าใจโลก
หลักสูตรศิลปศาสตรบัณฑิต สาขาวิชาการแปลและล่ามในยุคดิจิทัล,คณะศิลปศาสตร์,Ethics,มีจริยธรรมในการทำงานวิชาการ และมีจรรยาบรรณนักแปลและล่าม
หลักสูตรวิทยาศาสตรบัณฑิต สาขาวิชาคณิตศาสตร์ประยุกต์,คณะวิทยาศาสตร์และเทคโนโลยี,Knowledge,K 1 ผู้เรียนมีความรู้และความเข้าใจในเนื้อหาสาระหลักของวิชาทางคณิตศาสตร์ประยุกต์ทั้งหลักการที่เป็นทฤษฎี และการปฏิบัติอย่างถ่องแท้
หลักสูตรวิทยาศาสตรบัณฑิต สาขาวิชาคณิตศาสตร์ประยุกต์,คณะวิทยาศาสตร์และเทคโนโลยี,Knowledge,K 2 ผู้เรียนสามารถวิเคราะห์ปัญหา เข้าใจ รวมทั้งประยุกต์ความรู้ทางคณิตศาสตร์ประยุกต์และทักษะที่เหมาะสมกับการแก้ไขปัญหา
หลักสูตรวิทยาศาสตรบัณฑิต สาขาวิชาคณิตศาสตร์ประยุกต์,คณะวิทยาศาสตร์และเทคโนโลยี,Skills,S 1 ผู้เรียนสามารถนำความรู้ทางคณิตศาสตร์ประยุกต์ภาคทฤษฎีและภาคปฏิบัติมาประยุกต์ใช้กับปัญหาที่เกี่ยวข้องทางวิชาการและวิชาชีพได้
หลักสูตรวิทยาศาสตรบัณฑิต สาขาวิชาคณิตศาสตร์ประยุกต์,คณะวิทยาศาสตร์และเทคโนโลยี,Skills,S 2 ผู้เรียนคิดอย่างมีวิจารณญาณอย่างเป็นระบบ และใช้ดุลยพินิจในการตัดสินใจในสถานการณ์ต่าง ๆ ได้อย่างเหมาะสม
หลักสูตรวิทยาศาสตรบัณฑิต สาขาวิชาคณิตศาสตร์ประยุกต์,คณะวิทยาศาสตร์และเทคโนโลยี,Skills,S 3 ผู้เรียนสามารถวิเคราะห์ข้อมูลโดยใช้เทคโนโลยีดิจิทัลเพื่อนำมาใช้ในการแก้ปัญหาได้อย่างเหมาะสม
หลักสูตรวิทยาศาสตรบัณฑิต สาขาวิชาคณิตศาสตร์ประยุกต์,คณะวิทยาศาสตร์และเทคโนโลยี,Skills,S 4 ผู้เรียนสามารถนำเสนอผลงานโดยใช้เทคโนโลยีดิจิทัลและใช้เทคโนโลยีเพื่อการสื่อสารกับบุคคลต่าง ๆ ทั้งในวงการวิชาการและวิชาชีพได้อย่างเหมาะสมและมีประสิทธิภาพ
หลักสูตรวิทยาศาสตรบัณฑิต สาขาวิชาคณิตศาสตร์ประยุกต์,คณะวิทยาศาสตร์และเทคโนโลยี,Skills,S 5 ผู้เรียนสามารถทำงานร่วมกันเป็นทีมได้
หลักสูตรวิทยาศาสตรบัณฑิต สาขาวิชาคณิตศาสตร์ประยุกต์,คณะวิทยาศาสตร์และเทคโนโลยี,Ethics,E 1 ผู้เรียนมีความซื่อสัตย์สุจริตและมีจรรยาบรรณทางวิชาการและวิชาชีพ
หลักสูตรวิทยาศาสตรบัณฑิต สาขาวิชาคณิตศาสตร์ประยุกต์,คณะวิทยาศาสตร์และเทคโนโลยี,Ethics,E 2 ผู้เรียนมีวินัย ตรงต่อเวลา และความรับผิดชอบต่อตนเองและสังคม
หลักสูตรวิทยาศาสตรบัณฑิต สาขาวิชาคณิตศาสตร์ประยุกต์,คณะวิทยาศาสตร์และเทคโนโลยี,Ethics,E 3 ผู้เรียนเคารพกฎระเบียบและข้อบังคับต่าง ๆ ขององค์กรและสังคม
"หลักสูตรวิทยาศาสตรบัณฑิต สาขาวิชาการจัดการออกแบบ ธุรกิจ และเทคโนโลยี
(หลักสูตรนานาชาติ)",คณะสถาปัตยกรรมศาสตร์และการผังเมือง,Knowledge,เข้าใจทฤษฎีและความรู้พื้นฐานรวมถึงศาสตร์อื่น ๆ ที่เกี่ยวข้องกับการจัดการการออกแบบ ธุรกิจ และเทคโนโลยี
"หลักสูตรวิทยาศาสตรบัณฑิต สาขาวิชาการจัดการออกแบบ ธุรกิจ และเทคโนโลยี
(หลักสูตรนานาชาติ)",คณะสถาปัตยกรรมศาสตร์และการผังเมือง,Knowledge,อธิบายและสร้างความเชื่อมโยงทฤษฎีและความรู้พื้นฐาน รวมถึงศาสตร์อื่น ๆ ที่เกี่ยวข้องกับการจัดการการออกแบบ ธุรกิจ และเทคโนโลยี
"หลักสูตรวิทยาศาสตรบัณฑิต สาขาวิชาการจัดการออกแบบ ธุรกิจ และเทคโนโลยี
(หลักสูตรนานาชาติ)",คณะสถาปัตยกรรมศาสตร์และการผังเมือง,Knowledge,ประยุกต์ใช้ความรู้ในกิจกรรมด้านการจัดการการออกแบบ ธุรกิจ และเทคโนโลยี
"หลักสูตรวิทยาศาสตรบัณฑิต สาขาวิชาการจัดการออกแบบ ธุรกิจ และเทคโนโลยี
(หลักสูตรนานาชาติ)",คณะสถาปัตยกรรมศาสตร์และการผังเมือง,Knowledge,เสริมสร้างและพัฒนาองค์ความรู้ใหม่ในการจัดการออกแบบ ธุรกิจ และเทคโนโลยี
"หลักสูตรวิทยาศาสตรบัณฑิต สาขาวิชาการจัดการออกแบบ ธุรกิจ และเทคโนโลยี
(หลักสูตรนานาชาติ)",คณะสถาปัตยกรรมศาสตร์และการผังเมือง,Skills,สืบค้น รวบรวม คัดกรอง จัดหมวดหมู่ และเปรียบเทียบข้อมูลต่างๆ เพื่อใช้ในการแก้ไขปัญหาอย่างสร้างสรรค์
"หลักสูตรวิทยาศาสตรบัณฑิต สาขาวิชาการจัดการออกแบบ ธุรกิจ และเทคโนโลยี
(หลักสูตรนานาชาติ)",คณะสถาปัตยกรรมศาสตร์และการผังเมือง,Skills,ตีความ ประเมิน และวิเคราะห์ข้อมูลได้อย่างเป็นระบบด้วยกระบวนการคิดและตรรกะทางวิทยาศาสตร์และคณิตศาสตร์ เพื่อเชื่อมโยงประเด็น ลำดับความสำคัญของปัญหา และเสนอแนะแนวทางการแก้ไขปัญหาอย่างเหมาะสม
"หลักสูตรวิทยาศาสตรบัณฑิต สาขาวิชาการจัดการออกแบบ ธุรกิจ และเทคโนโลยี
(หลักสูตรนานาชาติ)",คณะสถาปัตยกรรมศาสตร์และการผังเมือง,Skills,สื่อสารโดยใช้ทักษะการพูด การฟัง การอ่าน การเขียน และการนำเสนอด้วยเทคโนโลยีสารสนเทศกับบุคคลทั้งในวงการวิชาการและสาธาณชนทั่วไปได้อย่างมีประสิทธิภาพ
"หลักสูตรวิทยาศาสตรบัณฑิต สาขาวิชาการจัดการออกแบบ ธุรกิจ และเทคโนโลยี
(หลักสูตรนานาชาติ)",คณะสถาปัตยกรรมศาสตร์และการผังเมือง,Skills,เสริมสร้างและพัฒนาทักษะในการจัดการสืบค้น วิเคราะห์ และนำเสนอคำตอบในสาขาการจัดการการออกแบบ ธุรกิจ และเทคโนโลยี
"หลักสูตรวิทยาศาสตรบัณฑิต สาขาวิชาการจัดการออกแบบ ธุรกิจ และเทคโนโลยี
(หลักสูตรนานาชาติ)",คณะสถาปัตยกรรมศาสตร์และการผังเมือง,Ethics,มีจรรยาบรรณทางวิชาการและการประกอบอาชีพในการทำภาระหน้าที่ที่ได้รับมอบหมายให้เสร็จสิ้นและตรงตามวัตถุประสงค์
หลักสูตรวิทยาศาสตรบัณฑิต สาขาวิชาเทคโนโลยีและนวัตกรรมดิจิทัล,คณะวิทยาศาสตร์และเทคโนโลยี,Knowledge,บัณฑิตมีความรู้และความเข้าใจในเนื้อหาสาระหลักของวิชาทั้งหลักการที่เป็นทฤษฎี และการปฏิบัติอย่างถ่องแท้
หลักสูตรวิทยาศาสตรบัณฑิต สาขาวิชาเทคโนโลยีและนวัตกรรมดิจิทัล,คณะวิทยาศาสตร์และเทคโนโลยี,Knowledge,บัณฑิตมีความรู้เรื่องคุณธรรมและจริยธรรมเพื่อเป็นกรอบความคิดพื้นฐานในการตัดสินใจในชีวิตและการทำงาน
หลักสูตรวิทยาศาสตรบัณฑิต สาขาวิชาเทคโนโลยีและนวัตกรรมดิจิทัล,คณะวิทยาศาสตร์และเทคโนโลยี,Knowledge,บัณฑิตสามารถวิเคราะห์ปัญหา เข้าใจ รวมทั้งประยุกต์ความรู้ และทักษะที่เหมาะสมกับการแก้ไขปัญหา
หลักสูตรวิทยาศาสตรบัณฑิต สาขาวิชาเทคโนโลยีและนวัตกรรมดิจิทัล,คณะวิทยาศาสตร์และเทคโนโลยี,Skills,บัณฑิตสามารถนำความรู้เรื่องเทคโนโลยีและนวัตกรรมดิจิทัลและปัญญาประดิษฐ์มาประยุกต์ใช้เพื่อตอบปัญหาจริงที่โลกจำเป็นต้องใช้
หลักสูตรวิทยาศาสตรบัณฑิต สาขาวิชาเทคโนโลยีและนวัตกรรมดิจิทัล,คณะวิทยาศาสตร์และเทคโนโลยี,Skills,บัณฑิตมีทักษะเบื้องต้นของการเป็นผู้ประกอบการที่มีประสิทธิภาพและประสิทธิผล
หลักสูตรวิทยาศาสตรบัณฑิต สาขาวิชาเทคโนโลยีและนวัตกรรมดิจิทัล,คณะวิทยาศาสตร์และเทคโนโลยี,Skills,บัณฑิตมีทักษะการทำงานเป็นทีมอย่างมีประสิทธิภาพและประสิทธิผล และสามารถรักษาบรรยากาศการทำงานร่วมกันได้ดี
หลักสูตรวิทยาศาสตรบัณฑิต สาขาวิชาเทคโนโลยีและนวัตกรรมดิจิทัล,คณะวิทยาศาสตร์และเทคโนโลยี,Skills,บัณฑิตสามารถสื่อสารผลงานให้กับผู้ฟังหลากหลายระดับ เช่น ผู้บริหาร ฝ่ายเทคนิค และบุคคลทั่วไป เป็นต้น
หลักสูตรวิทยาศาสตรบัณฑิต สาขาวิชาเทคโนโลยีและนวัตกรรมดิจิทัล,คณะวิทยาศาสตร์และเทคโนโลยี,Skills,บัณฑิตมีทักษะในการพัฒนาซอฟต์แวร์บนแพลตฟอร์มร่วมสมัย มีทักษะความถนัดด้านใดด้านหนึ่งในการมีส่วนร่วมในกลไกการสร้างผลิตภัณฑ์ดิจิทัล (Digital products)
หลักสูตรวิทยาศาสตรบัณฑิต สาขาวิชาเทคโนโลยีและนวัตกรรมดิจิทัล,คณะวิทยาศาสตร์และเทคโนโลยี,Skills,บัณฑิตมีทักษะในการประเมินสมรรถนะและการใช้ทรัพยากรของเทคโนโลยีและนวัตกรรมดิจิทัล ที่นำไปสู่ประสิทธิภาพ ประสิทธิผล
หลักสูตรวิทยาศาสตรบัณฑิต สาขาวิชาเทคโนโลยีและนวัตกรรมดิจิทัล,คณะวิทยาศาสตร์และเทคโนโลยี,Ethics,บัณฑิตสามารถออกแบบการทำงานที่โปร่งใสตรวจสอบได้
หลักสูตรวิทยาศาสตรบัณฑิต สาขาวิชาเทคโนโลยีและนวัตกรรมดิจิทัล,คณะวิทยาศาสตร์และเทคโนโลยี,Ethics,บัณฑิตมีนิสัยมองเห็นงานในภาพรวม และการแบ่งงานอย่างสมดุล ไม่เอาเปรียบเพื่อนร่วมงาน
หลักสูตรวิทยาศาสตรบัณฑิต สาขาวิชาเทคโนโลยีและนวัตกรรมดิจิทัล,คณะวิทยาศาสตร์และเทคโนโลยี,Ethics,บัณฑิตมีนิสัยรักการช่วยเหลือเพื่อนร่วมงาน บนพื้นฐานของการรักษามาตรฐานของงานในหน้าที่ที่ตนเองรับผิดชอบ
หลักสูตรวิทยาศาสตรบัณฑิต สาขาวิชาเทคโนโลยีและนวัตกรรมดิจิทัล,คณะวิทยาศาสตร์และเทคโนโลยี,Ethics,บัณฑิตรักษาเกียรติของตนเองและสถาบัน ปฏิบัติตนในแนวทางที่ดำรงคุณค่าความเป็นมนุษย์ทั้งของตนเองและผู้อื่น ตระหนักและเคารพในความหลากหลายทางวัฒนธรรม เชื้อชาติ ภาษา และศาสนา
หลักสูตรวิทยาศาสตรบัณฑิต สาขาวิชาเทคโนโลยีและนวัตกรรมดิจิทัล,คณะวิทยาศาสตร์และเทคโนโลยี,Ethics,บัณฑิตตระหนักและปฏิบัติตามข้อกำหนดและจรรยาบรรณเชิงวิชาชีพ
"หลักสูตรศิลปศาสตรบัณฑิต สาขาวิชาปรัชญา การเมือง และเศรษฐศาสตร์
(หลักสูตรนานาชาติ)",วิทยาลัยสหวิทยาการ,Knowledge,นักศึกษามีความความรู้ความเข้าใจด้านปรัชญา การเมือง และเศรษฐศาสตร์ สิทธิมนุษยชน ความสัมพันธ์ระหว่างเศรษฐกิจและการเมือง ทั้งทางด้านแนวคิด ทฤษฎี และวิธีการศึกษา ในบริบทของประเทศไทยและต่างประเทศ
"หลักสูตรศิลปศาสตรบัณฑิต สาขาวิชาปรัชญา การเมือง และเศรษฐศาสตร์
(หลักสูตรนานาชาติ)",วิทยาลัยสหวิทยาการ,Knowledge,ผู้เรียนสามารถบูรณาการความรู้เพื่อวิเคราะห์ปัญหา และประยุกต์ใช้ทั้งทฤษฎีและเครื่องมือที่เหมาะสมกับการแก้ไขปัญหา
"หลักสูตรศิลปศาสตรบัณฑิต สาขาวิชาปรัชญา การเมือง และเศรษฐศาสตร์
(หลักสูตรนานาชาติ)",วิทยาลัยสหวิทยาการ,Knowledge,นักศึกษาสามารถเข้าใจ และวิเคราะห์ข้อมูลสถานการณ์ทางเศรษฐกิจ การเมือง และสังคม พร้อมเสนอแนะนโยบายได้อย่างเหมาะสม
"หลักสูตรศิลปศาสตรบัณฑิต สาขาวิชาปรัชญา การเมือง และเศรษฐศาสตร์
(หลักสูตรนานาชาติ)",วิทยาลัยสหวิทยาการ,Skills,ผู้เรียนสามารถคิดเชิงวิพากษ์และคิดอย่างมีวิจารณญาณ
"หลักสูตรศิลปศาสตรบัณฑิต สาขาวิชาปรัชญา การเมือง และเศรษฐศาสตร์
(หลักสูตรนานาชาติ)",วิทยาลัยสหวิทยาการ,Skills,ผู้เรียนสามารถแสดงข้อโต้แย้งอย่างมีเหตุผลและสามารถสื่อสารชุดเหตุผลของตนเองได้อย่างน่าเชื่อถือ
"หลักสูตรศิลปศาสตรบัณฑิต สาขาวิชาปรัชญา การเมือง และเศรษฐศาสตร์
(หลักสูตรนานาชาติ)",วิทยาลัยสหวิทยาการ,Skills,สามารถใช้เครื่องมือ เช่น ทฤษฎี ชุดวิธีคิด ระเบียบวิธีวิจัย นวัตกรรม ฯลฯ ที่เหมาะสมในการแก้ไขปัญหาโดยการบูรณาการศาสตร์
"หลักสูตรศิลปศาสตรบัณฑิต สาขาวิชาปรัชญา การเมือง และเศรษฐศาสตร์
(หลักสูตรนานาชาติ)",วิทยาลัยสหวิทยาการ,Skills,ผู้เรียนสามารถทำงานร่วมกับผู้อื่นโดยเฉพาะในบริบทที่แตกต่างหลากหลายเพื่อสร้างองค์ความรู้ได้
"หลักสูตรศิลปศาสตรบัณฑิต สาขาวิชาปรัชญา การเมือง และเศรษฐศาสตร์
(หลักสูตรนานาชาติ)",วิทยาลัยสหวิทยาการ,Ethics,มีความซื่อสัตย์ และจริยธรรมในการศึกษาวิจัย
"หลักสูตรศิลปศาสตรบัณฑิต สาขาวิชาปรัชญา การเมือง และเศรษฐศาสตร์
(หลักสูตรนานาชาติ)",วิทยาลัยสหวิทยาการ,Ethics,นักศึกษามีจิตสำนึกด้านการเคารพกฎหมาย และสามารถปฏิบัติตามกฎ กติกา ของสังคม อย่างมีประสิทธิภาพ
"หลักสูตรศิลปศาสตรบัณฑิต สาขาวิชาปรัชญา การเมือง และเศรษฐศาสตร์
(หลักสูตรนานาชาติ)",วิทยาลัยสหวิทยาการ,Ethics,นักศึกษามีจิตสาธารณะ ตระหนักถึงปัญหาสังคม ในระดับท้องถิ่นและระดับโลก
หลักสูตรศิลปศาสตรบัณฑิต สาขาวิชาโลกคดีศึกษาและการประกอบการสังคม (หลักสูตรนานาชาติ),วิทยาลัยโลกคดีศึกษา,Knowledge,K 1 ผู้เรียนสามารถจดจำองค์ความรู้ที่เกี่ยวข้องกับการพัฒนาตนเองและสังคมได้
หลักสูตรศิลปศาสตรบัณฑิต สาขาวิชาโลกคดีศึกษาและการประกอบการสังคม (หลักสูตรนานาชาติ),วิทยาลัยโลกคดีศึกษา,Knowledge,K 2 ผู้เรียนสามารถระบุความหมายของความยั่งยืนและเป้าหมายเพื่อการพัฒนาอย่างยั่งยืนขององค์การสหประชาชาติได้
หลักสูตรศิลปศาสตรบัณฑิต สาขาวิชาโลกคดีศึกษาและการประกอบการสังคม (หลักสูตรนานาชาติ),วิทยาลัยโลกคดีศึกษา,Knowledge,K 3 ผู้เรียนสามารถพัฒนานวัตกรรมสังคมหรือสร้างธุรกิจเพื่อสังคมได้
หลักสูตรศิลปศาสตรบัณฑิต สาขาวิชาโลกคดีศึกษาและการประกอบการสังคม (หลักสูตรนานาชาติ),วิทยาลัยโลกคดีศึกษา,Skills,S 1 ผู้เรียนสามารถสื่อสารและทำงานร่วมกับผู้อื่นในสังคมที่มีความหลากหลายทั้งทางกายภาพ ภาษา และวัฒนธรรมได้
หลักสูตรศิลปศาสตรบัณฑิต สาขาวิชาโลกคดีศึกษาและการประกอบการสังคม (หลักสูตรนานาชาติ),วิทยาลัยโลกคดีศึกษา,Skills,S 2 ผู้เรียนสามารถวิเคราะห์ปัญหาสังคมและแก้ไขปัญหาสังคมได้
หลักสูตรศิลปศาสตรบัณฑิต สาขาวิชาโลกคดีศึกษาและการประกอบการสังคม (หลักสูตรนานาชาติ),วิทยาลัยโลกคดีศึกษา,Skills,S 3 ผู้เรียนสามารถเป็นผู้นำที่สร้างความเปลี่ยนแปลงให้กับชุมชนและสังคมได้
หลักสูตรศิลปศาสตรบัณฑิต สาขาวิชาโลกคดีศึกษาและการประกอบการสังคม (หลักสูตรนานาชาติ),วิทยาลัยโลกคดีศึกษา,Ethics,E 1 ผู้เรียนมีจิตสำนึกต่อการใช้ชีวิตร่วมกันในสังคม
หลักสูตรศิลปศาสตรบัณฑิต สาขาวิชาโลกคดีศึกษาและการประกอบการสังคม (หลักสูตรนานาชาติ),วิทยาลัยโลกคดีศึกษา,Ethics,E 2 ผู้เรียนมีความรับผิดชอบต่อการกระทำของตนเองที่ส่งผลกระทบต่อสังคมและโลก
หลักสูตรศิลปศาสตรบัณฑิต สาขาวิชาโลกคดีศึกษาและการประกอบการสังคม (หลักสูตรนานาชาติ),วิทยาลัยโลกคดีศึกษา,Ethics,E 3 ผู้เรียนรู้จักการเคารพกฎ กติกา และมารยาทในการทำงานร่วมกับผู้อื่น
หลักสูตรวิทยาศาสตรบัณฑิต สาขาวิชาเทคโนโลยีเพื่อการพัฒนายั่งยืน,คณะวิทยาศาสตร์และเทคโนโลยี,Knowledge,K 1 มีความรู้และความเข้าใจในหลักการ เนื้อหาสำคัญของสาขาวิชาเทคโนโลยีเพื่อการพัฒนายั่งยืนทั้งในภาคทฤษฎีและภาคปฏิบัติ
หลักสูตรวิทยาศาสตรบัณฑิต สาขาวิชาเทคโนโลยีเพื่อการพัฒนายั่งยืน,คณะวิทยาศาสตร์และเทคโนโลยี,Knowledge,K 2 มีความรู้ในสาขาวิชาอื่นที่เกี่ยวข้องกับสาขาวิชาเทคโนโลยีเพื่อการพัฒนายั่งยืน เพื่อใช้สำหรับการบูรณาการความรู้หรือต่อยอดความรู้ในสาขาเทคโนโลยีเพื่อการพัฒนายั่งยืนและศาสตร์อื่นๆ ที่เกี่ยวข้อง
หลักสูตรวิทยาศาสตรบัณฑิต สาขาวิชาเทคโนโลยีเพื่อการพัฒนายั่งยืน,คณะวิทยาศาสตร์และเทคโนโลยี,Knowledge,K 3 มีความรู้และมีกระบวนคิดอย่างเป็นระบบเพื่อแก้ปัญหาหรือสามารถปรับใช้ความรู้ในการพัฒนางานในด้านเทคโนโลยีเพื่อการพัฒนายั่งยืน
หลักสูตรวิทยาศาสตรบัณฑิต สาขาวิชาเทคโนโลยีเพื่อการพัฒนายั่งยืน,คณะวิทยาศาสตร์และเทคโนโลยี,Skills,S 1 สามารถคิด วิเคราะห์และแสวงหาความรู้ด้วยตนเองอย่างเป็นระบบและสร้างสรรค์
หลักสูตรวิทยาศาสตรบัณฑิต สาขาวิชาเทคโนโลยีเพื่อการพัฒนายั่งยืน,คณะวิทยาศาสตร์และเทคโนโลยี,Skills,5 2 สามารถวิเคราะห์และแก้ไขปัญหาอย่างบูรณาการโดยประยุกต์ใช้องค์ความรู้ที่เกี่ยวข้องทั้งภาคทฤษฎีและประสบการณ์ภาคปฏิบัติได้อย่างมีประสิทธิภาพเหมาะสมต่อสถานการณ์
หลักสูตรวิทยาศาสตรบัณฑิต สาขาวิชาเทคโนโลยีเพื่อการพัฒนายั่งยืน,คณะวิทยาศาสตร์และเทคโนโลยี,Skills,S 3 สามารถประยุกต์ใช้เทคโนโลยีสารสนเทศที่เหมาะสมกับสถานการณ์ เพื่อการสืบค้น ศึกษาด้วยตนเอง นำเสนอและการสื่อสาร
หลักสูตรวิทยาศาสตรบัณฑิต สาขาวิชาเทคโนโลยีเพื่อการพัฒนายั่งยืน,คณะวิทยาศาสตร์และเทคโนโลยี,Ethics,E 1 มีความตระหนักในคุณค่าและคุณธรรม จริยธรรม เสียสละ และซื่อสัตย์สุจริต
หลักสูตรวิทยาศาสตรบัณฑิต สาขาวิชาเทคโนโลยีเพื่อการพัฒนายั่งยืน,คณะวิทยาศาสตร์และเทคโนโลยี,Ethics,E 2 มีวินัย ตรงต่อเวลา เคารพกฎระเบียบและข้อบังคับต่าง ๆ ขององค์กรและสังคม
หลักสูตรวิทยาศาสตรบัณฑิต สาขาวิชาเทคโนโลยีเพื่อการพัฒนายั่งยืน,คณะวิทยาศาสตร์และเทคโนโลยี,Ethics,E 3 มีความเคารพสิทธิและรับฟังความคิดเห็นของผู้อื่น
หลักสูตรวิทยาศาสตรบัณฑิต สาขาวิชาเทคโนโลยีเพื่อการพัฒนายั่งยืน,คณะวิทยาศาสตร์และเทคโนโลยี,Ethics,E 4 มีจรรยาบรรณทางวิชาการและวิชาชีพ
หลักสูตรวิทยาศาสตรบัณฑิต สาขาวิชาสถาปัตยกรรม,คณะสถาปัตยกรรมศาสตร์และการผังเมือง,Knowledge,K 1 ผู้เรียนสามารถเข้าใจและ อธิบายทฤษฎีการออกแบบสถาปัตยกรรม
หลักสูตรวิทยาศาสตรบัณฑิต สาขาวิชาสถาปัตยกรรม,คณะสถาปัตยกรรมศาสตร์และการผังเมือง,Knowledge,K 2 ผู้เรียนสามารถเข้าใจและอธิบายทฤษฎีความรู้เกี่ยวกับโครงสร้างอาคารวิธีการก่อสร้างและวัสดุ
หลักสูตรวิทยาศาสตรบัณฑิต สาขาวิชาสถาปัตยกรรม,คณะสถาปัตยกรรมศาสตร์และการผังเมือง,Knowledge,K 3 ผู้เรียนสามารถเข้าใจและอธิบายทฤษฎีความรู้เกี่ยวกับเทคโนโลยีสภาวะแวดล้อม
หลักสูตรวิทยาศาสตรบัณฑิต สาขาวิชาสถาปัตยกรรม,คณะสถาปัตยกรรมศาสตร์และการผังเมือง,Knowledge,"K 4 ผู้เรียนสามารถเข้าใจและอธิบายทฤษฎีความรู้เกี่ยวกับเทคโนโลยีดิจิทัล และสามารถ
ประยุกต์ใช้เทคโนโลยีดิจิทัลเพื่อการออกแบบ"
หลักสูตรวิทยาศาสตรบัณฑิต สาขาวิชาสถาปัตยกรรม,คณะสถาปัตยกรรมศาสตร์และการผังเมือง,Knowledge,K 5 ผู้เรียนมีความรู้ในการบูรณาการองค์ความรู้ที่เท่าทันการเปลี่ยนแปลงของโลก
หลักสูตรวิทยาศาสตรบัณฑิต สาขาวิชาสถาปัตยกรรม,คณะสถาปัตยกรรมศาสตร์และการผังเมือง,Skills,S1 ความสามารถในการออกแบบทางสถาปัตยกรรม
หลักสูตรวิทยาศาสตรบัณฑิต สาขาวิชาสถาปัตยกรรม,คณะสถาปัตยกรรมศาสตร์และการผังเมือง,Skills,"S2 ความสามารถในการแปลงแนวคิดจากนามธรรมสู่รูปธรรม ความสามารถในการสื่อสารและ
นำเสนอผลงานกระบวนการการพัฒนาผลงานสถาปัตยกรรมอย่างเป็นระบบ ด้วยสื่อที่หลากหลาย"
หลักสูตรวิทยาศาสตรบัณฑิต สาขาวิชาสถาปัตยกรรม,คณะสถาปัตยกรรมศาสตร์และการผังเมือง,Skills,S3 ความสามารถในการคิดเชิงวิพากษ์ คิดเป็นตรรกะและคิดสร้างสรรค์
หลักสูตรวิทยาศาสตรบัณฑิต สาขาวิชาสถาปัตยกรรม,คณะสถาปัตยกรรมศาสตร์และการผังเมือง,Skills,S4 ความสามารถการบริหารจัดการผลลัพธ์ และการทำงานเป็นกลุ่ม
หลักสูตรวิทยาศาสตรบัณฑิต สาขาวิชาสถาปัตยกรรม,คณะสถาปัตยกรรมศาสตร์และการผังเมือง,Skills,S5 ความสามารถในการการใช้เทคโนโลยีดิจิทัลที่หลากหลาย
หลักสูตรวิทยาศาสตรบัณฑิต สาขาวิชาสถาปัตยกรรม,คณะสถาปัตยกรรมศาสตร์และการผังเมือง,Ethics,E 1 มีจรรยาบรรณและจริยธรรมในการทำงาน ประพฤติและปฏิบัติตนตามกฎระเบียบและข้อบังคับ
หลักสูตรวิทยาศาสตรบัณฑิต สาขาวิชาสถาปัตยกรรม,คณะสถาปัตยกรรมศาสตร์และการผังเมือง,Ethics,E 2 มีความเข้าใจผู้อื่น เปิดรับความคิดเห็นของผู้อื่น และพร้อมให้ความช่วยเหลือ
หลักสูตรวิทยาศาสตรบัณฑิต สาขาวิชาสถาปัตยกรรม,คณะสถาปัตยกรรมศาสตร์และการผังเมือง,Ethics,E 3 ความตรงต่อเวลา
หลักสูตรวิทยาศาสตรบัณฑิต สาขาวิชาสถาปัตยกรรม,คณะสถาปัตยกรรมศาสตร์และการผังเมือง,Ethics,E 4 มีจิตสาธารณะรับผิดชอบต่อสังคม
หลักสูตรวิทยาศาสตรบัณฑิต สาขาวิชาวิทยาศาสตร์สิ่งแวดล้อม,คณะวิทยาศาสตร์และเทคโนโลยี,Knowledge,K 1 ผู้เรียนมีความรู้อย่างกว้างขวางในหลักการและทฤษฎีองค์ความรู้ด้านวิทยาศาสตร์ สิ่งแวดล้อม
หลักสูตรวิทยาศาสตรบัณฑิต สาขาวิชาวิทยาศาสตร์สิ่งแวดล้อม,คณะวิทยาศาสตร์และเทคโนโลยี,Knowledge,K2 ผู้เรียนสามารถวิเคราะห์อย่างเป็นระบบ
หลักสูตรวิทยาศาสตรบัณฑิต สาขาวิชาวิทยาศาสตร์สิ่งแวดล้อม,คณะวิทยาศาสตร์และเทคโนโลยี,Knowledge,K 3 ผู้เรียนสามารถนำความรู้ หลักการ ทฤษฎีไปประยุกต์ใช้ได้อย่างเหมาะสม
หลักสูตรวิทยาศาสตรบัณฑิต สาขาวิชาวิทยาศาสตร์สิ่งแวดล้อม,คณะวิทยาศาสตร์และเทคโนโลยี,Skills,S 1 ผู้เรียนสามารถค้นคว้าข้อมูลได้อย่างเป็นระบบ
หลักสูตรวิทยาศาสตรบัณฑิต สาขาวิชาวิทยาศาสตร์สิ่งแวดล้อม,คณะวิทยาศาสตร์และเทคโนโลยี,Skills,S 2 ผู้เรียนสามารถวิเคราะห์ปัญหา ประเมินทางเลือก และเสนอแนะวิธีการแก้ไขปัญหาและ ผลการตัดสินใจได้อย่างเหมาะสม
หลักสูตรวิทยาศาสตรบัณฑิต สาขาวิชาวิทยาศาสตร์สิ่งแวดล้อม,คณะวิทยาศาสตร์และเทคโนโลยี,Skills,S 3 ผู้เรียนสามารถทำงานเป็นทีมได้
หลักสูตรวิทยาศาสตรบัณฑิต สาขาวิชาวิทยาศาสตร์สิ่งแวดล้อม,คณะวิทยาศาสตร์และเทคโนโลยี,Skills,S 4 ผู้เรียนสามารถใช้เทคโนโลยีสารสนเทศ และสามารถประยุกต์ใช้ในการสื่อสารได้อย่างมี ประสิทธิภาพ
หลักสูตรวิทยาศาสตรบัณฑิต สาขาวิชาวิทยาศาสตร์สิ่งแวดล้อม,คณะวิทยาศาสตร์และเทคโนโลยี,Ethics,E 1 ผู้เรียนมีความซื่อสัตย์สุจริต และมีจรรยาบรรณในวิชาชีพ
หลักสูตรวิทยาศาสตรบัณฑิต สาขาวิชาวิทยาศาสตร์สิ่งแวดล้อม,คณะวิทยาศาสตร์และเทคโนโลยี,Ethics,E 2 ผู้เรียนมีวินัย และความรับผิดชอบต่อตนเองและสังคม
หลักสูตรวิทยาศาสตรบัณฑิต สาขาวิชาวิทยาศาสตร์สิ่งแวดล้อม,คณะวิทยาศาสตร์และเทคโนโลยี,Character,C 1 ผู้เรียนมีความคิดเชิงตรรกะ
หลักสูตรวิทยาศาสตรบัณฑิต สาขาวิชาวิทยาศาสตร์สิ่งแวดล้อม,คณะวิทยาศาสตร์และเทคโนโลยี,Character,C 2 ผู้เรียนมีความสามารถด้านดิจิทัล
หลักสูตรวิทยาศาสตรบัณฑิต สาขาวิชาวิทยาศาสตร์สิ่งแวดล้อม,คณะวิทยาศาสตร์และเทคโนโลยี,Character,C 3 ผู้เรียนมีความใฝ่รู้ ติดตามการเปลี่ยนแปลงเพื่อพัฒนาตนเองอย่างต่อเนื่อง
"หลักสูตรวิทยาศาสตรบัณฑิต
สาขาวิชาเทคโนโลยีพลังงานชีวภาพและการแปรรูปเคมีชีวภาพ",คณะวิทยาศาสตร์และเทคโนโลยี,Knowledge,"K 1 อธิบายหลักการและทฤษฎีด้านวิทยาศาสตร์ คณิตศาสตร์ และเทคโนโลยีที่จำเป็นและ
เพียงพอต่อการนำไปใช้ในวิชาแกนของแต่ละหลักสูตร และ/หรือ ศึกษาต่อในระดับบัณฑิตศึกษา"
"หลักสูตรวิทยาศาสตรบัณฑิต
สาขาวิชาเทคโนโลยีพลังงานชีวภาพและการแปรรูปเคมีชีวภาพ",คณะวิทยาศาสตร์และเทคโนโลยี,Knowledge,"K 2 บูรณาการหลักการและทฤษฎีด้านวิทยาศาสตร์ คณิตศาสตร์ และเทคโนโลยี สาขาต่างๆ
และ/หรือ บูรณาการเข้ากับศาสตร์อื่น เพื่อวิเคราะห์ ประเมิน สังเคราะห์ และ/หรือ สร้างสรรค์องค์ความรู้
ใหม่ และ/หรือ นวัตกรรม"
"หลักสูตรวิทยาศาสตรบัณฑิต
สาขาวิชาเทคโนโลยีพลังงานชีวภาพและการแปรรูปเคมีชีวภาพ",คณะวิทยาศาสตร์และเทคโนโลยี,Skills,S 1 ปฏิบัติงานด้านวิทยาศาสตร์ คณิตศาสตร์ และเทคโนโลยีได้อย่างเหมาะสมและปลอดภัย
"หลักสูตรวิทยาศาสตรบัณฑิต
สาขาวิชาเทคโนโลยีพลังงานชีวภาพและการแปรรูปเคมีชีวภาพ",คณะวิทยาศาสตร์และเทคโนโลยี,Skills,S 2 เลือกเครื่องมือทางวิทยาศาสตร์ คณิตศาสตร์ และเทคโนโลยีได้อย่างเหมาะสมและถูกต้อง
"หลักสูตรวิทยาศาสตรบัณฑิต
สาขาวิชาเทคโนโลยีพลังงานชีวภาพและการแปรรูปเคมีชีวภาพ",คณะวิทยาศาสตร์และเทคโนโลยี,Skills,"S 3 ใช้ภาษาอังกฤษหรือภาษาต่างประเทศอื่น เพื่อการสืบค้นข้อมูลและสื่อสารได้อย่าง
เหมาะสม"
"หลักสูตรวิทยาศาสตรบัณฑิต
สาขาวิชาเทคโนโลยีพลังงานชีวภาพและการแปรรูปเคมีชีวภาพ",คณะวิทยาศาสตร์และเทคโนโลยี,Skills,"5 4 วิเคราะห์และสังเคราะห์ความรู้จากแหล่งข้อมูลต่าง ๆ ที่หลากหลายได้อย่างถูกต้อง เพื่อ
นำไปสู่การวางแผนการทดลอง ออกแบบการทดลอง และ/หรือ สร้างสรรค์นวัตกรรม"
"หลักสูตรวิทยาศาสตรบัณฑิต
สาขาวิชาเทคโนโลยีพลังงานชีวภาพและการแปรรูปเคมีชีวภาพ",คณะวิทยาศาสตร์และเทคโนโลยี,Skills,S 5 คิดวิเคราะห์อย่างเป็นระบบและมีเหตุมีผลตามหลักการและวิธีการทางวิทยาศาสตร์
"หลักสูตรวิทยาศาสตรบัณฑิต
สาขาวิชาเทคโนโลยีพลังงานชีวภาพและการแปรรูปเคมีชีวภาพ",คณะวิทยาศาสตร์และเทคโนโลยี,Skills,S 6 ใช้เทคโนโลยีดิจิทัลในการสื่อสาร และการทำงาน
"หลักสูตรวิทยาศาสตรบัณฑิต
สาขาวิชาเทคโนโลยีพลังงานชีวภาพและการแปรรูปเคมีชีวภาพ",คณะวิทยาศาสตร์และเทคโนโลยี,Ethics,E 1 มีความซื่อสัตย์สุจริตและรับผิดชอบ
"หลักสูตรวิทยาศาสตรบัณฑิต
สาขาวิชาเทคโนโลยีพลังงานชีวภาพและการแปรรูปเคมีชีวภาพ",คณะวิทยาศาสตร์และเทคโนโลยี,Ethics,E 2 มีจิตสาธารณะ
"หลักสูตรวิทยาศาสตรบัณฑิต
สาขาวิชาเทคโนโลยีพลังงานชีวภาพและการแปรรูปเคมีชีวภาพ",คณะวิทยาศาสตร์และเทคโนโลยี,Ethics,E 3 มีจิตสำนึกและตระหนักในการปฏิบัติตามจรรยาบรรณทางวิชาการและวิชาชีพ
หลักสูตรวิทยาศาสตรบัณฑิต สาขาวิชานวัตกรรมและการแปรรูปทางดิจิทัล,วิทยาลัยนวัตกรรม,Knowledge,มีความรู้ ความเข้าใจเรื่องแนวคิด ทฤษฎี และหลักการด้านนวัตกรรมดิจิทัล
หลักสูตรวิทยาศาสตรบัณฑิต สาขาวิชานวัตกรรมและการแปรรูปทางดิจิทัล,วิทยาลัยนวัตกรรม,Knowledge,มีความรู้ ความเข้าใจเรื่องแนวคิดเชิงสร้างสรรค์ หรือการคิดในเชิงสร้างสรรค์
หลักสูตรวิทยาศาสตรบัณฑิต สาขาวิชานวัตกรรมและการแปรรูปทางดิจิทัล,วิทยาลัยนวัตกรรม,Knowledge,มีความรู้ ความเข้าใจเรื่องการทำวิจัย
หลักสูตรวิทยาศาสตรบัณฑิต สาขาวิชานวัตกรรมและการแปรรูปทางดิจิทัล,วิทยาลัยนวัตกรรม,Knowledge,มีความรู้ ความเข้าใจในการนำองค์กรดิจิทัล
หลักสูตรวิทยาศาสตรบัณฑิต สาขาวิชานวัตกรรมและการแปรรูปทางดิจิทัล,วิทยาลัยนวัตกรรม,Knowledge,มีความรู้ ความเข้าใจ และสามารถประยุกต์ใช้เทคโนโลยีดิจิทัลในการสร้างความได้เปรียบ
หลักสูตรวิทยาศาสตรบัณฑิต สาขาวิชานวัตกรรมและการแปรรูปทางดิจิทัล,วิทยาลัยนวัตกรรม,Skills,สามารถคิด วิเคราะห์ปัญหาภายใต้สถานการณ์ต่าง ๆ ได้อย่างสร้างสรรค์
หลักสูตรวิทยาศาสตรบัณฑิต สาขาวิชานวัตกรรมและการแปรรูปทางดิจิทัล,วิทยาลัยนวัตกรรม,Skills,สามารถใช้ความรู้ในการแก้ไขปัญหาเฉพาะหน้าได้อย่างมีประสิทธิภาพ เหมาะสมกับสถานการณ์
หลักสูตรวิทยาศาสตรบัณฑิต สาขาวิชานวัตกรรมและการแปรรูปทางดิจิทัล,วิทยาลัยนวัตกรรม,Skills,สามารถพัฒนาและสร้างสรรค์องค์ความรู้ด้านนวัตกรรมและการแปรรูปดิจิทัล
หลักสูตรวิทยาศาสตรบัณฑิต สาขาวิชานวัตกรรมและการแปรรูปทางดิจิทัล,วิทยาลัยนวัตกรรม,Skills,สามารถนำข้อมูลทางที่เกี่ยวข้องมาวิเคราะห์เพื่อประยุกต์ใช้ในการจัดการทางดิจิทัลได้อย่างมีประสิทธิภาพ
หลักสูตรวิทยาศาสตรบัณฑิต สาขาวิชานวัตกรรมและการแปรรูปทางดิจิทัล,วิทยาลัยนวัตกรรม,Skills,สามารถวิเคราะห์ข้อมูลต่าง ๆ ด้านการเงินและการตลาดเพื่อประกอบการตัดสินใจในการดำเนินงานด้านการจัดการทางดิจิทัล
หลักสูตรวิทยาศาสตรบัณฑิต สาขาวิชานวัตกรรมและการแปรรูปทางดิจิทัล,วิทยาลัยนวัตกรรม,Skills,สามารถใช้ทักษะทางการสื่อสารได้อย่างชัดเจนและมีประสิทธิภาพ
หลักสูตรวิทยาศาสตรบัณฑิต สาขาวิชานวัตกรรมและการแปรรูปทางดิจิทัล,วิทยาลัยนวัตกรรม,Skills,สามารถประยุกต์ใช้เทคโนโลยีสารสนเทศเพื่อเป็นเครื่องมือในการจัดการและการสื่อสารข้อมูลต่าง ๆ ได้อย่างเหมาะสมและมีประสิทธิภาพ
หลักสูตรวิทยาศาสตรบัณฑิต สาขาวิชานวัตกรรมและการแปรรูปทางดิจิทัล,วิทยาลัยนวัตกรรม,Ethics,มีความรู้ ความเข้าใจเรื่องผลกระทบของดิจิทัลต่อสังคม
หลักสูตรวิทยาศาสตรบัณฑิต สาขาวิชานวัตกรรมและการแปรรูปทางดิจิทัล,วิทยาลัยนวัตกรรม,Ethics,มีความรู้และตระหนักในความรับผิดชอบในการใช้เทคโนโลยีดิจิทัล
หลักสูตรวิทยาศาสตรบัณฑิต สาขาวิชาวิทยาการคอมพิวเตอร์,คณะวิทยาศาสตร์และเทคโนโลยี,Knowledge,สามารถอธิบายหลักการและทฤษฎีพื้นฐานที่สำคัญในศาสตร์ด้านวิทยาการคอมพิวเตอร์ตามหมวดหมู่ดังต่อไปนี้
หลักสูตรวิทยาศาสตรบัณฑิต สาขาวิชาวิทยาการคอมพิวเตอร์,คณะวิทยาศาสตร์และเทคโนโลยี,Knowledge,สามารถประยุกต์ใช้ความรู้พื้นฐานที่มีในการเรียนรู้เครื่องมือและเทคโนโลยีใหม่เพื่อตอบสนองต่อการเปลี่ยนแปลงอันรวดเร็วในศาสตร์วิทยาการคอมพิวเตอร์
หลักสูตรวิทยาศาสตรบัณฑิต สาขาวิชาวิทยาการคอมพิวเตอร์,คณะวิทยาศาสตร์และเทคโนโลยี,Knowledge,สามารถบูรณาการองค์ความรู้ในศาสตร์ด้านวิทยาการคอมพิวเตอร์ที่ศึกษากับศาสตร์อื่นๆ ได้
หลักสูตรวิทยาศาสตรบัณฑิต สาขาวิชาวิทยาการคอมพิวเตอร์,คณะวิทยาศาสตร์และเทคโนโลยี,Knowledge,สามารถอธิบายองค์ความรู้และเทคโนโลยีทางวิทยาการคอมพิวเตอร์ ในกระบวนการพัฒนาซอฟต์แวร์ได้อย่างเป็นระบบ ตรงตามความต้องการ มีมุมมองด้านความปลอดภัย
หลักสูตรวิทยาศาสตรบัณฑิต สาขาวิชาวิทยาการคอมพิวเตอร์,คณะวิทยาศาสตร์และเทคโนโลยี,Knowledge,สามารถอธิบายองค์ความรู้และเทคโนโลยีทางวิทยาการข้อมูล เพื่อสร้างให้เกิดความเข้าใจพื้นฐานและเชิงลึกเกี่ยวกับชุดข้อมูล
หลักสูตรวิทยาศาสตรบัณฑิต สาขาวิชาวิทยาการคอมพิวเตอร์,คณะวิทยาศาสตร์และเทคโนโลยี,Skills,มีทักษะในการพัฒนาซอฟต์แวร์ตามทฤษฎีกระบวนการซอฟต์แวร์ที่ใช้ในภาคอุตสาหกรรมในสภาพแวดล้อมจำลอง
หลักสูตรวิทยาศาสตรบัณฑิต สาขาวิชาวิทยาการคอมพิวเตอร์,คณะวิทยาศาสตร์และเทคโนโลยี,Skills,สามารถประยุกต์ใช้องค์ความรู้และเทคโนโลยีทางวิทยาการข้อมูล เพื่อสร้างให้เกิดความเข้าใจพื้นฐานและเชิงลึกเกี่ยวกับชุดข้อมูล
หลักสูตรวิทยาศาสตรบัณฑิต สาขาวิชาวิทยาการคอมพิวเตอร์,คณะวิทยาศาสตร์และเทคโนโลยี,Skills,มีประสบการณ์ในการพัฒนาและ/หรือการประยุกต์ซอฟต์แวร์สำหรับใช้งานแบบไม่ใช่เชิงพาณิชย์ (non-commercial use) ที่ใช้งานได้
หลักสูตรวิทยาศาสตรบัณฑิต สาขาวิชาวิทยาการคอมพิวเตอร์,คณะวิทยาศาสตร์และเทคโนโลยี,Skills,การคิดเชิงวิพากษ์และคิดอย่างมีวิจารณญาณ
หลักสูตรวิทยาศาสตรบัณฑิต สาขาวิชาวิทยาการคอมพิวเตอร์,คณะวิทยาศาสตร์และเทคโนโลยี,Skills,สามารถมีส่วนร่วมในการแก้ปัญหาสถานการณ์ต่าง ๆ ทั้งในบทบาทของผู้นำหรือในบทบาทของผู้ร่วมทีมทำงาน มีความรับผิดชอบต่อทีมทำงาน
หลักสูตรวิทยาศาสตรบัณฑิต สาขาวิชาวิทยาการคอมพิวเตอร์,คณะวิทยาศาสตร์และเทคโนโลยี,Skills,สามารถสื่อสารเพื่อนำเสนอแนวคิดหรือข้อมูลด้านวิทยาการคอมพิวเตอร์กับบุคคลทั่วไปได้อย่างมีประสิทธิภาพ ทั้งในรูปแบบการเขียนและการนำเสนอแบบปากเปล่า
หลักสูตรวิทยาศาสตรบัณฑิต สาขาวิชาวิทยาการคอมพิวเตอร์,คณะวิทยาศาสตร์และเทคโนโลยี,Ethics,ประพฤติตนอย่างซื่อสัตย์ สุจริต
หลักสูตรวิทยาศาสตรบัณฑิต สาขาวิชาวิทยาการคอมพิวเตอร์,คณะวิทยาศาสตร์และเทคโนโลยี,Ethics,มีวินัย ตรงต่อเวลา และความรับผิดชอบต่อตนเองและสังคม
หลักสูตรวิทยาศาสตรบัณฑิต สาขาวิชาวิทยาการคอมพิวเตอร์,คณะวิทยาศาสตร์และเทคโนโลยี,Ethics,เคารพกฎระเบียบและข้อบังคับต่างๆ ขององค์กรและสังคม
หลักสูตรวิทยาศาสตรบัณฑิต สาขาวิชาวิทยาการคอมพิวเตอร์,คณะวิทยาศาสตร์และเทคโนโลยี,Ethics,มีจรรยาบรรณทางวิชาการและวิชาชีพ
หลักสูตรศิลปกรรมศาสตรบัณฑิต สาขาวิชาการบริหารจัดการศิลปะ,คณะศิลปกรรมศาสตร์,Knowledge,ผู้เรียนมีความรอบรู้ในศาสตร์ทางด้านการบริหารจัดการศิลปะ และศาสตร์อื่นๆ ที่เกี่ยวข้อง
หลักสูตรศิลปกรรมศาสตรบัณฑิต สาขาวิชาการบริหารจัดการศิลปะ,คณะศิลปกรรมศาสตร์,Knowledge,ผู้เรียนมีความสามารถในการค้นคว้า แก้ปัญหาและพัฒนางานด้านการบริหารจัดการศิลปะ อย่างเป็นระบบ
หลักสูตรศิลปกรรมศาสตรบัณฑิต สาขาวิชาการบริหารจัดการศิลปะ,คณะศิลปกรรมศาสตร์,Knowledge,ผู้เรียนมีความรู้ด้านการบริหารจัดการศิลปะ ที่สัมพันธ์กับบริบททางสังคมและวัฒนธรรม
หลักสูตรศิลปกรรมศาสตรบัณฑิต สาขาวิชาการบริหารจัดการศิลปะ,คณะศิลปกรรมศาสตร์,Knowledge,ผู้เรียนมีความรู้เกี่ยวกับมาตรฐานหรือธรรมเนียมปฏิบัติในการประกอบอาชีพด้านการบริหารจัดการศิลปะ
หลักสูตรศิลปกรรมศาสตรบัณฑิต สาขาวิชาการบริหารจัดการศิลปะ,คณะศิลปกรรมศาสตร์,Skills,ผู้เรียนสามารถค้นคว้ารวบรวมและประเมินข้อมูลจากแหล่งข้อมูลที่หลากหลายอย่างมีวิจารณญาน
หลักสูตรศิลปกรรมศาสตรบัณฑิต สาขาวิชาการบริหารจัดการศิลปะ,คณะศิลปกรรมศาสตร์,Skills,ผู้เรียนสามารถวิเคราะห์ สังเคราะห์ และเสนอแนะแนวทางการแก้ปัญหาได้อย่างสร้างสรรค์
หลักสูตรศิลปกรรมศาสตรบัณฑิต สาขาวิชาการบริหารจัดการศิลปะ,คณะศิลปกรรมศาสตร์,Skills,ผู้เรียนสามารถบูรณาการความรู้กับศาสตร์อื่น เพื่อสร้างสรรค์ผลงานทางวิชาการและวิชาชีพได้
หลักสูตรศิลปกรรมศาสตรบัณฑิต สาขาวิชาการบริหารจัดการศิลปะ,คณะศิลปกรรมศาสตร์,Skills,ผู้เรียนมีความสามารถด้านทักษะเทคโนโลยีและดิจิทัลและความสามารถด้านภาษา
หลักสูตรศิลปกรรมศาสตรบัณฑิต สาขาวิชาการบริหารจัดการศิลปะ,คณะศิลปกรรมศาสตร์,Ethics,ผู้เรียนมีคุณธรรม จริยธรรม ซื่อสัตย์สุจริต
หลักสูตรศิลปกรรมศาสตรบัณฑิต สาขาวิชาการบริหารจัดการศิลปะ,คณะศิลปกรรมศาสตร์,Ethics,ผู้เรียนมีทัศนคติที่เปิดกว้าง
หลักสูตรศิลปกรรมศาสตรบัณฑิต สาขาวิชาการบริหารจัดการศิลปะ,คณะศิลปกรรมศาสตร์,Ethics,ผู้เรียนมีจิตอาสา จิตสำนึกสาธารณะ
หลักสูตรศิลปศาสตรบัณฑิต สาขาวิชาการจัดการมรดกวัฒนธรรมและอุตสาหกรรมสร้างสรรค์,วิทยาลัยนวัตกรรม,Knowledge,K 1 ผู้เรียนมีความรู้ ความเข้าใจเรื่องแนวคิด ทฤษฎี และหลักการด้านการจัดการทางวัฒนธรรม
หลักสูตรศิลปศาสตรบัณฑิต สาขาวิชาการจัดการมรดกวัฒนธรรมและอุตสาหกรรมสร้างสรรค์,วิทยาลัยนวัตกรรม,Knowledge,K 2 ผู้เรียนมีความรู้ ความเข้าใจเรื่องแนวคิดเชิงสร้างสรรค์ หรือการคิดในเชิงสร้างสรรค์
หลักสูตรศิลปศาสตรบัณฑิต สาขาวิชาการจัดการมรดกวัฒนธรรมและอุตสาหกรรมสร้างสรรค์,วิทยาลัยนวัตกรรม,Knowledge,K 3 ผู้เรียนมีความรู้ ความเข้าใจเรื่องการทำวิจัย
หลักสูตรศิลปศาสตรบัณฑิต สาขาวิชาการจัดการมรดกวัฒนธรรมและอุตสาหกรรมสร้างสรรค์,วิทยาลัยนวัตกรรม,Knowledge,K 4 ผู้เรียนมีความรู้ ความเข้าใจในการวางแผนกลยุทธ์การจัดการทางวัฒนธรรม
หลักสูตรศิลปศาสตรบัณฑิต สาขาวิชาการจัดการมรดกวัฒนธรรมและอุตสาหกรรมสร้างสรรค์,วิทยาลัยนวัตกรรม,Knowledge,K 5 ผู้เรียนมีความรู้ ความเข้าใจ และสามารถประยุกต์ใช้เทคโนโลยีในการจัดการทางวัฒนธรรม
หลักสูตรศิลปศาสตรบัณฑิต สาขาวิชาการจัดการมรดกวัฒนธรรมและอุตสาหกรรมสร้างสรรค์,วิทยาลัยนวัตกรรม,Knowledge,K 6 ผู้เรียนสามารถนำข้อมูลทางเศรษฐกิจที่เกี่ยวข้องกับการจัดการทางวัฒนธรรมมาวิเคราะห์ เพื่อประยุกต์ใช้ในการจัดการทางวัฒนธรรมได้อย่างมีประสิทธิภาพ
หลักสูตรศิลปศาสตรบัณฑิต สาขาวิชาการจัดการมรดกวัฒนธรรมและอุตสาหกรรมสร้างสรรค์,วิทยาลัยนวัตกรรม,Skills,S 1 ผู้เรียนสามารถคิด วิเคราะห์ปัญหาภายใต้สถานการณ์ต่าง ๆ ได้อย่างสร้างสรรค์
หลักสูตรศิลปศาสตรบัณฑิต สาขาวิชาการจัดการมรดกวัฒนธรรมและอุตสาหกรรมสร้างสรรค์,วิทยาลัยนวัตกรรม,Skills,S 2 ผู้เรียนสามารถประเมินผลกระทบจากการดำเนินงานต่าง ๆ และสามารถนำความรู้มาประยุกต์ใช้ได้
หลักสูตรศิลปศาสตรบัณฑิต สาขาวิชาการจัดการมรดกวัฒนธรรมและอุตสาหกรรมสร้างสรรค์,วิทยาลัยนวัตกรรม,Skills,5 3 ผู้เรียนสามารถใช้ความรู้ในการแก้ไขปัญหาเฉพาะหน้าได้อย่างมีประสิทธิภาพ เหมาะสมกับสถานการณ์
หลักสูตรศิลปศาสตรบัณฑิต สาขาวิชาการจัดการมรดกวัฒนธรรมและอุตสาหกรรมสร้างสรรค์,วิทยาลัยนวัตกรรม,Skills,S 4 ผู้เรียนสามารถพัฒนาและสร้างสรรค์องค์ความรู้สหวิทยาการทางวัฒนธรรม
หลักสูตรศิลปศาสตรบัณฑิต สาขาวิชาการจัดการมรดกวัฒนธรรมและอุตสาหกรรมสร้างสรรค์,วิทยาลัยนวัตกรรม,Skills,5 5 ผู้เรียนสามารถวิเคราะห์ข้อมูลต่าง ๆ ด้านการเงินและการตลาดเพื่อประกอบการตัดสินใจในการดำเนินงานด้านการจัดการทางวัฒนธรรม
หลักสูตรศิลปศาสตรบัณฑิต สาขาวิชาการจัดการมรดกวัฒนธรรมและอุตสาหกรรมสร้างสรรค์,วิทยาลัยนวัตกรรม,Skills,5 6 ผู้เรียนสามารถประยุกต์ใช้เทคโนโลยีสารสนเทศเพื่อเป็นเครื่องมือในการจัดการและการสื่อสารข้อมูลต่าง ๆ ได้อย่างเหมาะสมและมีประสิทธิภาพ
หลักสูตรศิลปศาสตรบัณฑิต สาขาวิชาการจัดการมรดกวัฒนธรรมและอุตสาหกรรมสร้างสรรค์,วิทยาลัยนวัตกรรม,Ethics,E 1 ผู้เรียนมีความรู้ ความเข้าใจเรื่องการอนุรักษ์ศิลปวัฒนธรรมอย่างยั่งยืน
หลักสูตรศิลปศาสตรบัณฑิต สาขาวิชาการจัดการมรดกวัฒนธรรมและอุตสาหกรรมสร้างสรรค์,วิทยาลัยนวัตกรรม,Ethics,E 2 ผู้เรียนมีความรู้และตระหนักในความรับผิดชอบต่อสังคมและวัฒนธรรม
หลักสูตรศิลปศาสตรบัณฑิต สาขาวิชานวัตกรรมการบริการ,วิทยาลัยนวัตกรรม,Knowledge,มีความรู้อย่างกว้างขวางในหลักการพื้นฐานและทฤษฎีองค์ความรู้ที่เกี่ยวข้อง
หลักสูตรศิลปศาสตรบัณฑิต สาขาวิชานวัตกรรมการบริการ,วิทยาลัยนวัตกรรม,Knowledge,สามารถนำความรู้หลักการและทฤษฎีไปประยุกต์ใช้ได้อย่างเหมาะสม
หลักสูตรศิลปศาสตรบัณฑิต สาขาวิชานวัตกรรมการบริการ,วิทยาลัยนวัตกรรม,Knowledge,สามารถวิเคราะห์อย่างเป็นระบบเพื่อการพัฒนาและแข่งขันในระบบชาติและนานาชาติ
หลักสูตรศิลปศาสตรบัณฑิต สาขาวิชานวัตกรรมการบริการ,วิทยาลัยนวัตกรรม,Knowledge,สามารถบูรณาการความรู้ที่เกี่ยวข้องผ่านงานวิจัยเพื่อออกแบบนวัตกรรมการบริการได้อย่างเหมาะสม
หลักสูตรศิลปศาสตรบัณฑิต สาขาวิชานวัตกรรมการบริการ,วิทยาลัยนวัตกรรม,Skills,สามารถประยุกต์ใช้ทักษะทางด้านนวัตกรรมการบริการได้อย่างเหมาะสม
หลักสูตรศิลปศาสตรบัณฑิต สาขาวิชานวัตกรรมการบริการ,วิทยาลัยนวัตกรรม,Skills,สามารถออกแบบและวิเคราะห์ปัญหาโจทย์การวิจัยที่เกี่ยวกับนวัตกรรมบริการและ เสนอแนะวิธีการแก้ไขและผลการตัดสินใจได้อย่างเหมาะสม
หลักสูตรศิลปศาสตรบัณฑิต สาขาวิชานวัตกรรมการบริการ,วิทยาลัยนวัตกรรม,Skills,สามารถวิเคราะห์ปัญหา ประเมินสถานการณ์ และสร้างความสามารถในการแข่งขันสำหรับธุรกิจบริการ และธุรกิจลักชูรี่
หลักสูตรศิลปศาสตรบัณฑิต สาขาวิชานวัตกรรมการบริการ,วิทยาลัยนวัตกรรม,Skills,มีความสามารถในการใช้เทคโนโลยีสารสนเทศในการวิเคราะห์และออกแบบการนำเสนอข้อมูลได้อย่างมีประสิทธิผล
หลักสูตรศิลปศาสตรบัณฑิต สาขาวิชานวัตกรรมการบริการ,วิทยาลัยนวัตกรรม,Skills,สามารถวิเคราะห์ข้อมูลด้านการเงินและสภาวะเศรษฐกิจเพื่อประกอบการตัดสินใจได้อย่างมีประสิทธิภาพ
หลักสูตรศิลปศาสตรบัณฑิต สาขาวิชานวัตกรรมการบริการ,วิทยาลัยนวัตกรรม,Skills,สามารถประยุกต์ใช้การสื่อสารได้อย่างมืออาชีพทั้งในด้านของการเขียนและการพูด โดยใช้เทคโนโลยีที่เหมาะสม
หลักสูตรศิลปศาสตรบัณฑิต สาขาวิชานวัตกรรมการบริการ,วิทยาลัยนวัตกรรม,Ethics,มีความเข้าใจและความตระหนักต่อการพัฒนาที่ยั่งยืน
หลักสูตรศิลปศาสตรบัณฑิต สาขาวิชานวัตกรรมการบริการ,วิทยาลัยนวัตกรรม,Ethics,มีความรู้ ความเข้าใจถึงความสำคัญของความรับผิดชอบต่อตนเองและสังคม
หลักสูตรศิลปศาสตรบัณฑิต สาขาวิชาปรัชญา การเมือง และเศรษฐศาสตร์,วิทยาลัยสหวิทยาการ,Knowledge,นักศึกษามีความความรู้ความเข้าใจด้านปรัชญา การเมือง และเศรษฐศาสตร์ สิทธิมนุษยชน ความสัมพันธ์ระหว่างเศรษฐกิจและการเมือง ทั้งทางด้านแนวคิด ทฤษฎี และวิธีการศึกษา ในบริบทของประเทศไทยและต่างประเทศ
หลักสูตรศิลปศาสตรบัณฑิต สาขาวิชาปรัชญา การเมือง และเศรษฐศาสตร์,วิทยาลัยสหวิทยาการ,Knowledge,ผู้เรียนสามารถบูรณาการความรู้เพื่อวิเคราะห์ปัญหา และประยุกต์ใช้ทั้งทฤษฎีและ เครื่องมือที่เหมาะสมกับการแก้ไขปัญหา
หลักสูตรศิลปศาสตรบัณฑิต สาขาวิชาปรัชญา การเมือง และเศรษฐศาสตร์,วิทยาลัยสหวิทยาการ,Knowledge,นักศึกษาสามารถเข้าใจ และวิเคราะห์ข้อมูลสถานการณ์ทางเศรษฐกิจ การเมือง และสังคม พร้อมเสนอแนะนโยบายได้อย่างเหมาะสม
หลักสูตรศิลปศาสตรบัณฑิต สาขาวิชาปรัชญา การเมือง และเศรษฐศาสตร์,วิทยาลัยสหวิทยาการ,Skills,ผู้เรียนสามารถคิดเชิงวิพากษ์และคิดอย่างมีวิจารณญาณ
หลักสูตรศิลปศาสตรบัณฑิต สาขาวิชาปรัชญา การเมือง และเศรษฐศาสตร์,วิทยาลัยสหวิทยาการ,Skills,ผู้เรียนสามารถแสดงข้อโต้แย้งให้อย่างมีเหตุผลและสามารถสื่อสารชุดเหตุผลของตนเองได้อย่างน่าเชื่อถือ
หลักสูตรศิลปศาสตรบัณฑิต สาขาวิชาปรัชญา การเมือง และเศรษฐศาสตร์,วิทยาลัยสหวิทยาการ,Skills,สามารถใช้เครื่องมือ เช่น ทฤษฎี ชุดวิธีคิด ระเบียบวิธีวิจัย นวัตกรรม ฯลฯ ที่เหมาะสมในการแก้ไขปัญหาโดยการบูรณาการศาสตร์ที่เหมาะสมในการแก้ไขปัญหาโดยการบูรณาการศาสตร์
หลักสูตรศิลปศาสตรบัณฑิต สาขาวิชาปรัชญา การเมือง และเศรษฐศาสตร์,วิทยาลัยสหวิทยาการ,Skills,ผู้เรียนสามารถทำงานร่วมกับผู้อื่นเพื่อสร้างองค์ความรู้ได้
หลักสูตรศิลปศาสตรบัณฑิต สาขาวิชาปรัชญา การเมือง และเศรษฐศาสตร์,วิทยาลัยสหวิทยาการ,Ethics,มีความซื่อสัตย์ และจริยธรรมในการศึกษาวิจัย
หลักสูตรศิลปศาสตรบัณฑิต สาขาวิชาปรัชญา การเมือง และเศรษฐศาสตร์,วิทยาลัยสหวิทยาการ,Ethics,นักศึกษามีจิตสำนึกด้านการเคารพกฎหมาย และสามารถปฏิบัติตามกฎ กติกา ของสังคม อย่างมีประสิทธิภาพ
หลักสูตรศิลปศาสตรบัณฑิต สาขาวิชาปรัชญา การเมือง และเศรษฐศาสตร์,วิทยาลัยสหวิทยาการ,Ethics,นักศึกษามีจิตสาธารณะ ตระหนักถึงปัญหาสังคม
หลักสูตรศิลปศาสตรบัณฑิต สาขาวิชาปรัชญา การเมือง และเศรษฐศาสตร์,วิทยาลัยสหวิทยาการ,Character,มีความใฝ่รู้ มีความกล้าแสดงออก
หลักสูตรศิลปศาสตรบัณฑิต สาขาวิชาปรัชญา การเมือง และเศรษฐศาสตร์,วิทยาลัยสหวิทยาการ,Character,ผู้เรียนมีวิจารณญาณในการรับ วิเคราะห์ และส่งต่อข้อมูลอย่างน่าเชื่อถือ
หลักสูตรศิลปศาสตรบัณฑิต สาขาวิชาปรัชญา การเมือง และเศรษฐศาสตร์,วิทยาลัยสหวิทยาการ,Character,ผู้เรียนมีความคิดเป็นระบบ มีเหตุผล
หลักสูตรศิลปศาสตรบัณฑิต สาขาวิชาปรัชญา การเมือง และเศรษฐศาสตร์,วิทยาลัยสหวิทยาการ,Character,ผู้เรียนมีการรู้การสื่อสาร การรู้สังคม มีความเชื่อมั่นแต่ขณะเดียวกันยอมรับความแตกต่าง ในสังคม
หลักสูตรศิลปศาสตรบัณฑิต สาขาวิชาปรัชญา การเมือง และเศรษฐศาสตร์,วิทยาลัยสหวิทยาการ,Knowledge,นักศึกษามีความความรู้ความเข้าใจด้านปรัชญา การเมือง และเศรษฐศาสตร์ สิทธิมนุษยชน ความสัมพันธ์ระหว่างเศรษฐกิจและการเมือง ทั้งทางด้านแนวคิด ทฤษฎี และวิธีการศึกษา ในบริบทของประเทศไทยและต่างประเทศ
หลักสูตรศิลปศาสตรบัณฑิต สาขาวิชาปรัชญา การเมือง และเศรษฐศาสตร์,วิทยาลัยสหวิทยาการ,Knowledge,ผู้เรียนสามารถบูรณาการความรู้เพื่อวิเคราะห์ปัญหา และประยุกต์ใช้ทั้งทฤษฎีแลt เครื่องมือที่เหมาะสมกับการแก้ไขปัญหา
หลักสูตรศิลปศาสตรบัณฑิต สาขาวิชาปรัชญา การเมือง และเศรษฐศาสตร์,วิทยาลัยสหวิทยาการ,Knowledge,นักศึกษาสามารถเข้าใจ และวิเคราะห์ข้อมูลสถานการณ์ทางเศรษฐกิจ การเมือง และสังคม พร้อมเสนอแนะนโยบายได้อย่างเหมาะสม
หลักสูตรศิลปศาสตรบัณฑิต สาขาวิชาปรัชญา การเมือง และเศรษฐศาสตร์,วิทยาลัยสหวิทยาการ,Skills,ผู้เรียนสามารถคิดเชิงวิพากษ์และคิดอย่างมีวิจารณญาณ
หลักสูตรศิลปศาสตรบัณฑิต สาขาวิชาปรัชญา การเมือง และเศรษฐศาสตร์,วิทยาลัยสหวิทยาการ,Skills,ผู้เรียนสามารถแสดงข้อโต้แย้งให้อย่างมีเหตุผลและสามารถสื่อสารชุดเหตุผลของตนเองได้อย่างน่าเชื่อถือ
หลักสูตรศิลปศาสตรบัณฑิต สาขาวิชาปรัชญา การเมือง และเศรษฐศาสตร์,วิทยาลัยสหวิทยาการ,Skills,สามารถใช้เครื่องมือที่เหมาะสมในการแก้ไขปัญหาโดยการบูรณาการศาสตร์
หลักสูตรศิลปศาสตรบัณฑิต สาขาวิชาปรัชญา การเมือง และเศรษฐศาสตร์,วิทยาลัยสหวิทยาการ,Skills,ผู้เรียนสามารถทำงานร่วมกับผู้อื่นเพื่อสร้างองค์ความรู้ได้
หลักสูตรศิลปศาสตรบัณฑิต สาขาวิชาปรัชญา การเมือง และเศรษฐศาสตร์,วิทยาลัยสหวิทยาการ,Ethics,มีความซื่อสัตย์ และจริยธรรมในการศึกษาวิจัย
หลักสูตรศิลปศาสตรบัณฑิต สาขาวิชาปรัชญา การเมือง และเศรษฐศาสตร์,วิทยาลัยสหวิทยาการ,Ethics,นักศึกษามีจิตสำนึกด้านการเคารพกฎหมาย และสามารถปฏิบัติตามกฎ กติกา ของสังคมอย่างมีประสิทธิภาพ
หลักสูตรศิลปศาสตรบัณฑิต สาขาวิชาปรัชญา การเมือง และเศรษฐศาสตร์,วิทยาลัยสหวิทยาการ,Ethics,นักศึกษามีจิตสาธารณะ ตระหนักถึงปัญหาสังคม
หลักสูตรวิทยาศาสตรบัณฑิต สาขาวิชาฟิสิกส์อิเล็กทรอนิกส์,คณะวิทยาศาสตร์และเทคโนโลยี,Knowledge,อธิบายหลักการและทฤษฎีด้านวิทยาศาสตร์ คณิตศาสตร์ และเทคโนโลยีที่จำเป็นและเพียงพอต่อการนำไปใช้ในวิชาแกนของแต่ละหลักสูตร และ/หรือ ศึกษาต่อในระดับบัณฑิตศึกษา
หลักสูตรวิทยาศาสตรบัณฑิต สาขาวิชาฟิสิกส์อิเล็กทรอนิกส์,คณะวิทยาศาสตร์และเทคโนโลยี,Knowledge,บูรณาการหลักการและทฤษฎีด้านวิทยาศาสตร์ คณิตศาสตร์ และเทคโนโลยี สาขาต่างๆ และ/ หรือ บูรณาการเข้ากับศาสตร์อื่น เพื่อสังเคราะห์ และ/หรือ สร้างสรรค์องค์ความรู้ใหม่ และ/หรือ นวัตกรรม
หลักสูตรวิทยาศาสตรบัณฑิต สาขาวิชาฟิสิกส์อิเล็กทรอนิกส์,คณะวิทยาศาสตร์และเทคโนโลยี,Knowledge,อธิบายหลักการและทฤษฎีในวิชาแกนทางฟิสิกส์อิเล็กทรอนิกส์ที่จำเป็นและเพียงพอต่อการนำไปใช้ในโครงงานทางฟิสิกส์อิเล็กทรอนิกส์ หรือศึกษาต่อในระดับบัณฑิตศึกษา
หลักสูตรวิทยาศาสตรบัณฑิต สาขาวิชาฟิสิกส์อิเล็กทรอนิกส์,คณะวิทยาศาสตร์และเทคโนโลยี,Skills,ปฏิบัติงานด้านฟิสิกส์อิเล็กทรอนิกส์ และเทคโนโลยีได้อย่างเหมาะสมและปลอดภัย
หลักสูตรวิทยาศาสตรบัณฑิต สาขาวิชาฟิสิกส์อิเล็กทรอนิกส์,คณะวิทยาศาสตร์และเทคโนโลยี,Skills,เลือกเครื่องมือทางวิทยาศาสตร์ คณิตศาสตร์ และเทคโนโลยีได้อย่างเหมาะสมและถูกต้อง
หลักสูตรวิทยาศาสตรบัณฑิต สาขาวิชาฟิสิกส์อิเล็กทรอนิกส์,คณะวิทยาศาสตร์และเทคโนโลยี,Skills,ใช้ภาษาอังกฤษหรือภาษาต่างประเทศอื่น เพื่อการสืบค้นข้อมูลและสื่อสารได้อย่างเหมาะสม
หลักสูตรวิทยาศาสตรบัณฑิต สาขาวิชาฟิสิกส์อิเล็กทรอนิกส์,คณะวิทยาศาสตร์และเทคโนโลยี,Skills,วิเคราะห์และสังเคราะห์ความรู้จากแหล่งข้อมูลต่าง ๆ ที่หลากหลายได้อย่างถูกต้อง เพื่อนำไปสู่การวางแผนการทดลอง ออกแบบการทดลอง และ/หรือ สร้างสรรค์นวัตกรรม
หลักสูตรวิทยาศาสตรบัณฑิต สาขาวิชาฟิสิกส์อิเล็กทรอนิกส์,คณะวิทยาศาสตร์และเทคโนโลยี,Skills,คิดวิเคราะห์อย่างเป็นระบบและมีเหตุมีผลตามหลักการและวิธีการทางวิทยาศาสตร์
หลักสูตรวิทยาศาสตรบัณฑิต สาขาวิชาฟิสิกส์อิเล็กทรอนิกส์,คณะวิทยาศาสตร์และเทคโนโลยี,Skills,ประยุกต์ใช้หลักการและทฤษฎีทางฟิสิกส์ในการแก้ปัญหาที่ซับซ้อนทางฟิสิกส์หรือหลากหลายสาขาวิชา
หลักสูตรวิทยาศาสตรบัณฑิต สาขาวิชาฟิสิกส์อิเล็กทรอนิกส์,คณะวิทยาศาสตร์และเทคโนโลยี,Skills,ประยุกต์ความรู้ทางคณิตศาสตร์และสถิติ เพื่อการวิเคราะห์ ประมวลผล แก้ปัญหา และ/หรือ นำเสนอข้อมูลได้อย่างเหมาะสม
หลักสูตรวิทยาศาสตรบัณฑิต สาขาวิชาฟิสิกส์อิเล็กทรอนิกส์,คณะวิทยาศาสตร์และเทคโนโลยี,Skills,สามารถใช้เทคโนโลยีสารสนเทศในการสืบค้น เก็บรวบรวม วิเคราะห์ข้อมูล และ/หรือ สร้างการจำลองได้อย่างมีประสิทธิภาพและเหมาะกับสถานการณ์
หลักสูตรวิทยาศาสตรบัณฑิต สาขาวิชาฟิสิกส์อิเล็กทรอนิกส์,คณะวิทยาศาสตร์และเทคโนโลยี,Ethics,มีความซื่อสัตย์สุจริต
หลักสูตรวิทยาศาสตรบัณฑิต สาขาวิชาฟิสิกส์อิเล็กทรอนิกส์,คณะวิทยาศาสตร์และเทคโนโลยี,Ethics,มีจิตสาธารณะ
หลักสูตรวิทยาศาสตรบัณฑิต สาขาวิชาฟิสิกส์อิเล็กทรอนิกส์,คณะวิทยาศาสตร์และเทคโนโลยี,Ethics,มีจิตสำนึกและตระหนักในการปฏิบัติตามจรรยาบรรณทางวิชาการและวิชาชีพ
หลักสูตรรัฐศาสตรบัณฑิต,คณะรัฐศาสตร์,Knowledge,K 1 ผู้เรียนมีความรู้พื้นฐานด้านกรอบแนวคิด และทฤษฎีที่เกี่ยวข้องกับการศึกษาทางด้าน รัฐศาสตร์
หลักสูตรรัฐศาสตรบัณฑิต,คณะรัฐศาสตร์,Knowledge,K 2 ผู้เรียนมีความรู้ ความเข้าใจในบริบท และพัฒนาการทางประวัติศาสตร์ที่เกี่ยวข้องกับ การเมืองการปกครอง การบริหารรัฐกิจ และการระหว่างประเทศ
หลักสูตรรัฐศาสตรบัณฑิต,คณะรัฐศาสตร์,Knowledge,K 3 ผู้เรียนมีความรู้และความเข้าใจในปรากฏการณ์ร่วมสมัยที่เกี่ยวข้องกับการเมืองการปกครอง การบริหารรัฐกิจ และการระหว่างประเทศ
หลักสูตรรัฐศาสตรบัณฑิต,คณะรัฐศาสตร์,Knowledge,K 4 ผู้เรียนมีความรู้เกี่ยวกับสถานะ บทบาท และอำนาจหน้าที่ของหน่วยงาน องค์กร หรือตัวแสดงที่เกี่ยวข้องกับการเมืองการปกครอง การบริหารรัฐกิจ และการระหว่างประเทศ
หลักสูตรรัฐศาสตรบัณฑิต,คณะรัฐศาสตร์,Skills,S 1 ผู้เรียนมีทักษะด้านการวิจัย และการปรับประยุกต์ใช้เครื่องมือการวิจัยขั้นต้น
หลักสูตรรัฐศาสตรบัณฑิต,คณะรัฐศาสตร์,Skills,S 2 ผู้เรียนมีทักษะในการคิด วิเคราะห์ปรากฏการณ์ทางสังคม และการเมืองอย่างเป็นเหตุเป็นผล
หลักสูตรรัฐศาสตรบัณฑิต,คณะรัฐศาสตร์,Skills,S 3 ผู้เรียนมีทักษะทางการสื่อสารเพื่อการทำงานร่วมกับผู้อื่น
หลักสูตรรัฐศาสตรบัณฑิต,คณะรัฐศาสตร์,Skills,S 4 ผู้เรียนมีทักษะทางภาษาทั้งภาษาไทย และภาษาต่างประเทศเพื่อการทำงาน หรือเพื่อการ ศึกษาต่อ
หลักสูตรรัฐศาสตรบัณฑิต,คณะรัฐศาสตร์,Skills,S 5 ผู้เรียนมีทักษะด้านเทคโนโลยีสารสนเทศเพื่อปรับประยุกต์ใช้การทำงาน
หลักสูตรรัฐศาสตรบัณฑิต,คณะรัฐศาสตร์,Ethics,E 1 ผู้เรียนแสดงออกซึ่งความเคารพในสิทธิ และเสรีภาพต่อทั้งตนเองและผู้อื่น
หลักสูตรรัฐศาสตรบัณฑิต,คณะรัฐศาสตร์,Ethics,E 2 ผู้เรียนแสดงออกซึ่งความตระหนักในสิทธิและหน้าที่ของความเป็นพลเมืองที่ดี
หลักสูตรรัฐศาสตรบัณฑิต,คณะรัฐศาสตร์,Ethics,E 3 ผู้เรียนมีความเข้าใจและปฏิบัติตามหลักคุณธรรม จริยธรรม กฎหมาย และกติกาอื่น ๆ ที่เกี่ยวข้องกับการทำงานและการอยู่ร่วมกันในสังคม
"หลักสูตรวารสารศาสตรบัณฑิต สาขาวิชาสื่อศึกษา
(หลักสูตรนานาชาติ)",คณะวารสารศาสตร์และสื่อสารมวลชน,Knowledge,"ผู้เรียนมีความรู้ ความเข้าใจเกี่ยวกับหลักการ และทฤษฎีที่สำคัญในเนื้อหาสาขาวิชาสื่อ
ศึกษา"
"หลักสูตรวารสารศาสตรบัณฑิต สาขาวิชาสื่อศึกษา
(หลักสูตรนานาชาติ)",คณะวารสารศาสตร์และสื่อสารมวลชน,Knowledge,"ผู้เรียนมีความรู้ ความเข้าใจบทบาทของการสื่อสารและปฏิบัติการของงานวารสาร
ศาสตร์และงานวางแผนกลยุทธ์การสื่อ สาร"
"หลักสูตรวารสารศาสตรบัณฑิต สาขาวิชาสื่อศึกษา
(หลักสูตรนานาชาติ)",คณะวารสารศาสตร์และสื่อสารมวลชน,Knowledge,ผู้เรียนมีความรู้และความเข้าใจในปรากฏการณ์ร่วมสมัยที่เกี่ยวข้องกับสื่อศึกษา
"หลักสูตรวารสารศาสตรบัณฑิต สาขาวิชาสื่อศึกษา
(หลักสูตรนานาชาติ)",คณะวารสารศาสตร์และสื่อสารมวลชน,Skills,"ผู้เรียนมีทักษะสำคัญสำหรับการสื่อสารในระดับต่าง ๆ สามารถสื่อสารและจัดการการ
สื่อสารได้อย่างมีประสิทธิภาพ"
"หลักสูตรวารสารศาสตรบัณฑิต สาขาวิชาสื่อศึกษา
(หลักสูตรนานาชาติ)",คณะวารสารศาสตร์และสื่อสารมวลชน,Skills,"ผู้เรียนมีทักษะในการคิดวิเคราะห์ปรากฏการณ์ทางสังคมที่เกี่ยวข้องกับวารสารศาสตร์
สื่อ และการสื่อสาร"
"หลักสูตรวารสารศาสตรบัณฑิต สาขาวิชาสื่อศึกษา
(หลักสูตรนานาชาติ)",คณะวารสารศาสตร์และสื่อสารมวลชน,Skills,ผู้เรียน มีทักษะการจัดการเนื้อหาและการนำเสนอผ่านสื่อในรูปแบบต่าง ๆ
"หลักสูตรวารสารศาสตรบัณฑิต สาขาวิชาสื่อศึกษา
(หลักสูตรนานาชาติ)",คณะวารสารศาสตร์และสื่อสารมวลชน,Skills,ผู้เรียนมีทักษะด้านเทคโนโลยีสารสนเทศด้านการสื่อสาร
"หลักสูตรวารสารศาสตรบัณฑิต สาขาวิชาสื่อศึกษา
(หลักสูตรนานาชาติ)",คณะวารสารศาสตร์และสื่อสารมวลชน,Ethics,ผู้เรียนมีจรรยาบรรณในวิชาชีพสื่อสารมวลชน
"หลักสูตรวารสารศาสตรบัณฑิต สาขาวิชาสื่อศึกษา
(หลักสูตรนานาชาติ)",คณะวารสารศาสตร์และสื่อสารมวลชน,Ethics,"ผู้เรียนแสดงออกซึ่งการเคารพสิทธิและรับฟังความคิดเห็นของผู้อื่น รวมทั้งเคารพใน
คุณค่าและศักดิ์ศรีของความเป็นมนุษย์"
"หลักสูตรวารสารศาสตรบัณฑิต สาขาวิชาสื่อศึกษา
(หลักสูตรนานาชาติ)",คณะวารสารศาสตร์และสื่อสารมวลชน,Ethics,"ผู้เรียนมีความเข้าใจและปฏิบัติตามหลักคุณธรรม จริยธรรม กฎระเบียบและข้อบังคับ
ต่างๆ ขององค์กรและสังคม"
หลักสูตรศิลปศาสตรบัณฑิต สาขาวิชาวิทยาการเรียนรู้,คณะวิทยาการเรียนรู้และศึกษาศาสตร์,Knowledge,การคิดอย่างเป็นองค์รวม (Holistic thinking) สามารถคิดในลักษณะที่เป็นองค์รวม เห็นความเชื่อมโยงของปรากฏการณ์เชิงระบบ และประเมินผลกระทบของการทำงานต่าง ๆ ได้
หลักสูตรศิลปศาสตรบัณฑิต สาขาวิชาวิทยาการเรียนรู้,คณะวิทยาการเรียนรู้และศึกษาศาสตร์,Knowledge,การคิดเชิงวิพากษ์และการคิดเชิงนวัตกรรม (Critical and innovative mind) สามารถวิพากษ์และตรวจสอบการวิพากษ์ของตนเอง สามารถมองเห็นปัญหาและหาทางเลือกในการแก้ปัญหาที่สร้างสรรค์
หลักสูตรศิลปศาสตรบัณฑิต สาขาวิชาวิทยาการเรียนรู้,คณะวิทยาการเรียนรู้และศึกษาศาสตร์,Knowledge,การทำงานบนฐานความรู้ (Knowledge based expertise) ทำงานด้วยความเป็นมืออาชีพบนฐานความรู้ สามารถเรียนรู้แบบนำตัวเอง (self-directed learning) มีทักษะในการจัดกระบวนการเรียนรู้ (learning process and facilitation) และมีทักษะในการใช้เทคโนโลยีเพื่อการเรียนรู้ (learning technology)
หลักสูตรศิลปศาสตรบัณฑิต สาขาวิชาวิทยาการเรียนรู้,คณะวิทยาการเรียนรู้และศึกษาศาสตร์,Skills,ทักษะในการพัฒนาตนเอง (Intrapersonal skills) รู้จัก เท่าทัน สะท้อน กำกับและพัฒนาตนเองอย่างต่อเนื่องจนเกิดความเชี่ยวชาญ (self mastery)
หลักสูตรศิลปศาสตรบัณฑิต สาขาวิชาวิทยาการเรียนรู้,คณะวิทยาการเรียนรู้และศึกษาศาสตร์,Skills,ทักษะในการปฏิสัมพันธ์กับผู้อื่น (Interpersonal skills) เข้าใจความแตกต่างหลากหลาย สามารถทำงานเป็นทีม มีทักษะการสื่อสาร และประสานความร่วมมือกับบุคคลอื่นได้ มีความเป็นผู้นำ และความเป็นมืออาชีพ
หลักสูตรศิลปศาสตรบัณฑิต สาขาวิชาวิทยาการเรียนรู้,คณะวิทยาการเรียนรู้และศึกษาศาสตร์,Skills,จิตสำนึกและการมีส่วนร่วมทางสังคม (Social conscience and engagement) ความรู้สึกรู้สาต่อเพื่อนมนุษย์หรือความไม่เป็นธรรมที่ปรากฏตรงหน้า ต่อความเป็นไปในสังคม โดยสามารถประเมินผลกระทบทางสังคม จากการสร้างการเปลี่ยนแปลงของตนเองได้
หลักสูตรวิทยาศาสตรบัณฑิต สาขาวิชาวัสดุศาสตร์,คณะวิทยาศาสตร์และเทคโนโลยี,Knowledge,อธิบายหลักการและทฤษฎีด้านวิทยาศาสตร์ คณิตศาสตร์ที่เกี่ยวข้องมาประยุกต์ใช้ศาสตร์ทางด้านเทคโนโลยีวัสดุทั้ง โลหะ เซรามิก พอลิเมอร์ ฯ
หลักสูตรวิทยาศาสตรบัณฑิต สาขาวิชาวัสดุศาสตร์,คณะวิทยาศาสตร์และเทคโนโลยี,Knowledge,สร้างนวัตกรรมโดยบูรณาการหลักการและทฤษฎีด้านวิทยาศาสตร์ คณิตศาสตร์ และเทคโนโลยี สาขาต่างๆ กับเทคโนโลยีวัสดุ ซึ่งมุ่งเน้นการสร้างสรรค์องค์ความรู้ใหม่ เพื่อสอดรับกับการประยุกต์ใช้งานจริงของภาคอุตสาหกรรม
หลักสูตรวิทยาศาสตรบัณฑิต สาขาวิชาวัสดุศาสตร์,คณะวิทยาศาสตร์และเทคโนโลยี,Skills,มีทักษะในการฝึกปฏิบัติงานจริงจากภาครัฐและภาคเอกชน
หลักสูตรวิทยาศาสตรบัณฑิต สาขาวิชาวัสดุศาสตร์,คณะวิทยาศาสตร์และเทคโนโลยี,Skills,มีทักษะในการเลือกใช้เครื่องมือทางวิทยาศาสตร์ได้อย่างเหมาะสมและถูกต้อง
หลักสูตรวิทยาศาสตรบัณฑิต สาขาวิชาวัสดุศาสตร์,คณะวิทยาศาสตร์และเทคโนโลยี,Skills,ใช้ภาษาต่างประเทศ เพื่อการสืบค้นข้อมูล ติดต่อสื่อสารในการทำงานเพื่อแก้ปัญหาเฉพาะหน้าที่เกิดขึ้นได้อย่างมีประสิทธิภาพ
หลักสูตรวิทยาศาสตรบัณฑิต สาขาวิชาวัสดุศาสตร์,คณะวิทยาศาสตร์และเทคโนโลยี,Skills,สร้างสรรค์นวัตกรรม โดยการวางแผนการทดลอง ออกแบบการทดลอง และนำข้อมูลที่ได้มาคิดวิเคราะห์และสังเคราะห์ความรู้จากแหล่งข้อมูลต่าง ๆ
หลักสูตรวิทยาศาสตรบัณฑิต สาขาวิชาวัสดุศาสตร์,คณะวิทยาศาสตร์และเทคโนโลยี,Ethics,ผู้เรียนมีความซื่อสัตย์ต่อตนเอง ต่อเพื่อนร่วมงาน
หลักสูตรวิทยาศาสตรบัณฑิต สาขาวิชาวัสดุศาสตร์,คณะวิทยาศาสตร์และเทคโนโลยี,Ethics,ผู้เรียนมีความรับผิดชอบต่อหน้าที่ส่วนตัว ส่วนรวม สังคมการเรียน การทำงานภาคสนาม
หลักสูตรวิทยาศาสตรบัณฑิต สาขาวิชาวัสดุศาสตร์,คณะวิทยาศาสตร์และเทคโนโลยี,Ethics,มีจิตสำนึกและตระหนักในการปฏิบัติตามจรรยาบรรณทางวิชาการและวิชาชีพ
