cur_name_th,faculty_name_th,career
หลักสูตรวิทยาศาสตรบัณฑิต สาขาวิชาวิทยาศาสตร์และนวัตกรรมทางอาหาร,คณะวิทยาศาสตร์และเทคโนโลยี,หน่วยงานเอกชน โรงงานอุตสาหกรรมอาหาร ธุรกิจร้านอาหาร โรงแรม หรือครัวของสายการบิน ในตำแหน่งงาน วิจัยและพัฒนาผลิตภัณฑ์อาหาร และอื่นๆ ที่เกี่ยวข้อง
หลักสูตรวิทยาศาสตรบัณฑิต สาขาวิชาวิทยาศาสตร์และนวัตกรรมทางอาหาร,คณะวิทยาศาสตร์และเทคโนโลยี,ประกอบธุรกิจส่วนตัว ทางด้านการผลิตและแปรรูปอาหารทั้งในรูป สตาร์ทอัพ SMEs หรือ โรงงานอุตสาหกรรมอาหาร
หลักสูตรวิทยาศาสตรบัณฑิต สาขาวิชาวิทยาศาสตร์และนวัตกรรมทางอาหาร,คณะวิทยาศาสตร์และเทคโนโลยี,หน่วยงานราชการหรือรัฐวิสาหกิจ ตำแหน่งเจ้าหน้าที่วิจัยและพัฒนาผลิตภัณฑ์อาหาร ในสังกัด กระทรวงสาธารณสุข กระทรวงอุตสาหกรรม และกระทรวงวิทยาศาสตร์และเทคโนโลยี เป็นต้น
หลักสูตรวิทยาศาสตรบัณฑิต สาขาวิชาสถาปัตยกรรม,คณะสถาปัตยกรรมศาสตร์และการผังเมือง,"หลักสูตรวิทยาศาสตรบัณฑิตเป็นหลักสูตรต่อเนื่อง 4+2 ปี ที่นักศึกษาต้องเรียนต่อในหลักสูตร
สถาปัตยกรรมมหาบัณฑิต ถ้านักศึกษาสิ้นสุดการศึกษาในระดับปริญญาตรี จะต้องมีประสบการณ์ทำงาน
เพิ่มเติมตามที่สภาสถาปนิกกำหนด จึงจะสามารถขอสอบใบอนุญาตประกอบวิชาชีพสถาปัตยกรรมควบคุมได้"
หลักสูตรวิทยาศาสตรบัณฑิต สาขาวิชาจิตวิทยา,ศิลปศาสตร์,"นักจิตวิทยาในหน่วยงานของรัฐและเอกชน ซึ่งเกี่ยวกับงานบริการสังคมและชุมชน งานใน
กระบวนการยุติธรรม งานบริการทางสาธารณสุข"
หลักสูตรวิทยาศาสตรบัณฑิต สาขาวิชาจิตวิทยา,ศิลปศาสตร์,นักวิจัยด้านจิตวิทยาและพฤติกรรมมนุษย์
หลักสูตรวิทยาศาสตรบัณฑิต สาขาวิชาจิตวิทยา,ศิลปศาสตร์,บุคลากรที่ทำงานเกี่ยวกับจิตวิทยาและพัฒนาการมนุษย์ทุกช่วงวัย
หลักสูตรวิทยาศาสตรบัณฑิต สาขาวิชาจิตวิทยา,ศิลปศาสตร์,บุคลากรที่ทำงานเกี่ยวกับการบริหารและพัฒนาทรัพยากรมนุษย์และองค์การ
หลักสูตรวิทยาศาสตรบัณฑิต สาขาวิชาจิตวิทยา,ศิลปศาสตร์,"อาชีพอื่น ๆ ที่เกี่ยวข้องกับการนำจิตวิทยาไปประยุกต์ เช่น นักการตลาด นักการสื่อสาร นัก
ประชาสัมพันธ์"
หลักสูตรสังคมวิทยาและมานุษยวิทยาบัณฑิต สาขาวิชาสังคมวิทยาและมานุษยวิทยา,คณะสังคมวิทยาและมานุษยวิทยา,อาจารย์ทางด้านสังคมวิทยาและมานุษยวิทยา (Lecturer in Sociology and Anthropology)
หลักสูตรสังคมวิทยาและมานุษยวิทยาบัณฑิต สาขาวิชาสังคมวิทยาและมานุษยวิทยา,คณะสังคมวิทยาและมานุษยวิทยา,นักวิจัยสังคม (Social Researcher)
หลักสูตรสังคมวิทยาและมานุษยวิทยาบัณฑิต สาขาวิชาสังคมวิทยาและมานุษยวิทยา,คณะสังคมวิทยาและมานุษยวิทยา,นักวิชาการทางสังคมวิทยาและมานุษยวิทยา (Academic Sociologist and Anthropologist)
หลักสูตรสังคมวิทยาและมานุษยวิทยาบัณฑิต สาขาวิชาสังคมวิทยาและมานุษยวิทยา,คณะสังคมวิทยาและมานุษยวิทยา,นักวิจัยทางโบราณคดีและประวัติศาสตร์ (Archeological and History Researcher)
หลักสูตรสังคมวิทยาและมานุษยวิทยาบัณฑิต สาขาวิชาสังคมวิทยาและมานุษยวิทยา,คณะสังคมวิทยาและมานุษยวิทยา,นักวิเคราะห์ผลกระทบทางสังคมและวัฒนธรรม (Social and Cultural Analyst)
หลักสูตรสังคมวิทยาและมานุษยวิทยาบัณฑิต สาขาวิชาสังคมวิทยาและมานุษยวิทยา,คณะสังคมวิทยาและมานุษยวิทยา,นักวิชาการพัฒนาชุมชน (Community Development Specialist
หลักสูตรสังคมวิทยาและมานุษยวิทยาบัณฑิต สาขาวิชาสังคมวิทยาและมานุษยวิทยา,คณะสังคมวิทยาและมานุษยวิทยา,นักวิเคราะห์นโยบายและแผน (Plan and Policy Analysis)
หลักสูตรสังคมวิทยาและมานุษยวิทยาบัณฑิต สาขาวิชาสังคมวิทยาและมานุษยวิทยา,คณะสังคมวิทยาและมานุษยวิทยา,นักพัฒนาสังคม (Social Development Worker)
หลักสูตรสังคมวิทยาและมานุษยวิทยาบัณฑิต สาขาวิชาสังคมวิทยาและมานุษยวิทยา,คณะสังคมวิทยาและมานุษยวิทยา,ผู้เชี่ยวชาญด้านการรับผิดชอบต่อสังคม (CSR Specialist)
หลักสูตรสังคมวิทยาและมานุษยวิทยาบัณฑิต สาขาวิชาสังคมวิทยาและมานุษยวิทยา,คณะสังคมวิทยาและมานุษยวิทยา,นักวิชาการศึกษา (Educator)
หลักสูตรสังคมวิทยาและมานุษยวิทยาบัณฑิต สาขาวิชาสังคมวิทยาและมานุษยวิทยา,คณะสังคมวิทยาและมานุษยวิทยา,นักพัฒนาการท่องเที่ยว (Tourism Development Officer)
หลักสูตรสังคมวิทยาและมานุษยวิทยาบัณฑิต สาขาวิชาสังคมวิทยาและมานุษยวิทยา,คณะสังคมวิทยาและมานุษยวิทยา,ผู้บริหารทางด้านทรัพยากรบุคคล (Human Resource Manager)
หลักสูตรสังคมวิทยาและมานุษยวิทยาบัณฑิต สาขาวิชาสังคมวิทยาและมานุษยวิทยา,คณะสังคมวิทยาและมานุษยวิทยา,นักประวัติศาสตร์สังคม (Social Historian)
หลักสูตรสังคมวิทยาและมานุษยวิทยาบัณฑิต สาขาวิชาสังคมวิทยาและมานุษยวิทยา,คณะสังคมวิทยาและมานุษยวิทยา,ภัณฑารักษ์ (Curator)
หลักสูตรสังคมวิทยาและมานุษยวิทยาบัณฑิต สาขาวิชาสังคมวิทยาและมานุษยวิทยา,คณะสังคมวิทยาและมานุษยวิทยา,นักอาชญาวิทยา (Criminologist)
หลักสูตรสังคมวิทยาและมานุษยวิทยาบัณฑิต สาขาวิชาสังคมวิทยาและมานุษยวิทยา,คณะสังคมวิทยาและมานุษยวิทยา,นักชาติพันธุ์วิทยา (Ethnologist)
หลักสูตรสังคมวิทยาและมานุษยวิทยาบัณฑิต สาขาวิชาสังคมวิทยาและมานุษยวิทยา,คณะสังคมวิทยาและมานุษยวิทยา,นักวิชาการวัฒนธรรม (Cultural Officer)
หลักสูตรสังคมวิทยาและมานุษยวิทยาบัณฑิต สาขาวิชาสังคมวิทยาและมานุษยวิทยา,คณะสังคมวิทยาและมานุษยวิทยา,นักการจัดการและบริหารพิพิธภัณฑ์ (Museum Manager)
หลักสูตรสังคมวิทยาและมานุษยวิทยาบัณฑิต สาขาวิชาสังคมวิทยาและมานุษยวิทยา,คณะสังคมวิทยาและมานุษยวิทยา,ผู้บริหารศูนย์วัฒนธรรม หรือ ศูนย์แสดงศิลปวัฒนธรรม (Cultural Center or Gallery Director)
หลักสูตรสังคมวิทยาและมานุษยวิทยาบัณฑิต สาขาวิชาสังคมวิทยาและมานุษยวิทยา,คณะสังคมวิทยาและมานุษยวิทยา,นักเขียนสารคดี (Documentary Writer)
หลักสูตรสังคมวิทยาและมานุษยวิทยาบัณฑิต สาขาวิชาสังคมวิทยาและมานุษยวิทยา,คณะสังคมวิทยาและมานุษยวิทยา,ผู้ผลิตสื่อดิจิตอล (Digital Media Producer)
หลักสูตรสังคมวิทยาและมานุษยวิทยาบัณฑิต สาขาวิชาสังคมวิทยาและมานุษยวิทยา,คณะสังคมวิทยาและมานุษยวิทยา,ผู้สื่อข่าว (Reporter)
หลักสูตรสังคมวิทยาและมานุษยวิทยาบัณฑิต สาขาวิชาสังคมวิทยาและมานุษยวิทยา,คณะสังคมวิทยาและมานุษยวิทยา,ผู้กำกับสื่อ (Media Director)
หลักสูตรสังคมวิทยาและมานุษยวิทยาบัณฑิต สาขาวิชาสังคมวิทยาและมานุษยวิทยา,คณะสังคมวิทยาและมานุษยวิทยา,นักวิจารณ์สังคม (Social Criticist)
หลักสูตรเศรษฐศาสตรบัณฑิต (หลักสูตรนานาชาติ),คณะเศรษฐศาสตร์,นักเศรษฐศาสตร์
หลักสูตรเศรษฐศาสตรบัณฑิต (หลักสูตรนานาชาติ),คณะเศรษฐศาสตร์,นักวิจัยด้านเศรษฐศาสตร์
หลักสูตรเศรษฐศาสตรบัณฑิต (หลักสูตรนานาชาติ),คณะเศรษฐศาสตร์,นักวิเคราะห์ด้านนโยบายและการวางแผน
หลักสูตรเศรษฐศาสตรบัณฑิต (หลักสูตรนานาชาติ),คณะเศรษฐศาสตร์,นักวิเคราะห์ด้านการตลาด
หลักสูตรเศรษฐศาสตรบัณฑิต (หลักสูตรนานาชาติ),คณะเศรษฐศาสตร์,นักวิเคราะห์ด้านการลงทุน
หลักสูตรเศรษฐศาสตรบัณฑิต (หลักสูตรนานาชาติ),คณะเศรษฐศาสตร์,นักวิเคราะห์ด้านการเงิน
หลักสูตรเศรษฐศาสตรบัณฑิต (หลักสูตรนานาชาติ),คณะเศรษฐศาสตร์,ประกอบอาชีพอิสระธุรกิจส่วนตัวหรือเจ้าของกิจการ
หลักสูตรเศรษฐศาสตรบัณฑิต (หลักสูตรนานาชาติ),คณะเศรษฐศาสตร์,นักข่าวและสื่อสารมวลชน
หลักสูตรเศรษฐศาสตรบัณฑิต (หลักสูตรนานาชาติ),คณะเศรษฐศาสตร์,อาจารย์
หลักสูตรเศรษฐศาสตรบัณฑิต (หลักสูตรนานาชาติ),คณะเศรษฐศาสตร์,งานองค์กรระหว่างประเทศ
หลักสูตรเศรษฐศาสตรบัณฑิต (หลักสูตรนานาชาติ),คณะเศรษฐศาสตร์,นักวิจัยอิสระ
หลักสูตรเศรษฐศาสตรบัณฑิต (หลักสูตรนานาชาติ),คณะเศรษฐศาสตร์,เจ้าหน้าที่งบประมาณ
หลักสูตรเศรษฐศาสตรบัณฑิต (หลักสูตรนานาชาติ),คณะเศรษฐศาสตร์,ตัวแทนประกันภัย
หลักสูตรเศรษฐศาสตรบัณฑิต (หลักสูตรนานาชาติ),คณะเศรษฐศาสตร์,นักวิชาการ
หลักสูตรสถาปัตยกรรมภายในบัณฑิต,คณะสถาปัตยกรรมศาสตร์และการผังเมือง,สถาปนิก
หลักสูตรสถาปัตยกรรมภายในบัณฑิต,คณะสถาปัตยกรรมศาสตร์และการผังเมือง,นักออกแบบตกแต่งภายใน
หลักสูตรสถาปัตยกรรมภายในบัณฑิต,คณะสถาปัตยกรรมศาสตร์และการผังเมือง,นักออกแบบเครื่องเรือนและผลิตภัณฑ์
หลักสูตรสถาปัตยกรรมภายในบัณฑิต,คณะสถาปัตยกรรมศาสตร์และการผังเมือง,นักออกแบบจัดแสดง
หลักสูตรศิลปศาสตรบัณฑิต,ศิลปศาสตร์,บรรณารักษ์ในห้องสมุดหรือหน่วยงานบริการสารสนเทศอื่น ๆ
หลักสูตรศิลปศาสตรบัณฑิต,ศิลปศาสตร์,นักเอกสารสนเทศในห้องสมุดหรือหน่วยงานบริการสารสนเทศอื่น ๆ
หลักสูตรศิลปศาสตรบัณฑิต,ศิลปศาสตร์,ผู้ปฏิบัติงานเกี่ยวกับการวิจัย ผู้ช่วยนักวิจัย การสืบค้นข้อมูลจากแหล่งสารสนเทศ
หลักสูตรศิลปศาสตรบัณฑิต,ศิลปศาสตร์,ผู้เชี่ยวชาญงานสารสนเทศและเทคโนโลยีสารสนเทศ
หลักสูตรศิลปศาสตรบัณฑิต,ศิลปศาสตร์,ผู้ปฏิบัติงานเกี่ยวกับการผลิตสื่อสารสนเทศต่าง ๆ
หลักสูตรศิลปศาสตรบัณฑิต,ศิลปศาสตร์,อาชีพอื่น ๆ ที่นำความรู้ทางบรรณารักษศาสตร์และสารสนเทศศาสตร์ไปประยุกต์ เช่น งาน เลขานุการ นักจัดการงานทั่วไป งานในวงการธุรกิจและอุตสาหกรรม เป็นต้น
หลักสูตรศิลปศาสตรบัณฑิต,ศิลปศาสตร์,นักวิชาการ ผู้สอนด้านประวัติศาสตร์
หลักสูตรศิลปศาสตรบัณฑิต,ศิลปศาสตร์,นักสารสนเทศ
หลักสูตรศิลปศาสตรบัณฑิต,ศิลปศาสตร์,นักวิจัยประจำหอจดหมายเหตุหรือพิพิธภัณฑ์
หลักสูตรศิลปศาสตรบัณฑิต,ศิลปศาสตร์,นักเขียนบทสารคดี นักเขียนข่าว อาชีพด้านสื่อมวลชน
หลักสูตรศิลปศาสตรบัณฑิต,ศิลปศาสตร์,อาชีพอื่น ๆ ที่นำความรู้ทางประวัติศาสตร์ไปประยุกต์ เช่น มัคคุเทศก์
หลักสูตรศิลปศาสตรบัณฑิต,ศิลปศาสตร์,นักวิชาการ ผู้สอนด้านปรัชญาหรือศาสนา
หลักสูตรศิลปศาสตรบัณฑิต,ศิลปศาสตร์,นักวิเคราะห์และวางแผนภาพรวมองค์กร
หลักสูตรศิลปศาสตรบัณฑิต,ศิลปศาสตร์,เจ้าหน้าที่ในหน่วยงานภาครัฐและเอกชนที่นำความรู้ทางปรัชญาหรือเนื้อหาที่เกี่ยวข้องไปประยุกต์
หลักสูตรศิลปศาสตรบัณฑิต,ศิลปศาสตร์,นักสื่อสารมวลชน นักเขียน คอลัมนิสต์ นักแปลที่ต้องใช้ความรู้ทางปรัชญาหรือเนื้อหาที่เกี่ยวข้อง
หลักสูตรศิลปศาสตรบัณฑิต,ศิลปศาสตร์,นักพัฒนาสังคมทำงานในสายงานวิเคราะห์วิจารณ์
หลักสูตรศิลปศาสตรบัณฑิต,ศิลปศาสตร์,นักวิชาการ นักวิจัย ผู้สอนภาษา
หลักสูตรศิลปศาสตรบัณฑิต,ศิลปศาสตร์,เจ้าหน้าที่ด้านภาษาต่างประเทศ เจ้าหน้าที่ประชาสัมพันธ์ เลขานุการ
หลักสูตรศิลปศาสตรบัณฑิต,ศิลปศาสตร์,บรรณาธิการ นักเขียน นักพัฒนาเนื้อหาในสื่อออนไลน์ และอาชีพอื่น ๆ ที่เกี่ยวข้องกับธุรกิจการพิมพ์ งานเขียน และสื่ออิเล็กทรอนิกส์
หลักสูตรศิลปศาสตรบัณฑิต,ศิลปศาสตร์,เจ้าหน้าที่การท่องเที่ยว เจ้าหน้าที่ด้านประชาสัมพันธ์ในโรงแรมและองค์กรด้านท่องเที่ยว พนักงานต้อนรับของสายการบิน
หลักสูตรศิลปศาสตรบัณฑิต,ศิลปศาสตร์,ผู้สอนด้านภาษาอังกฤษ และด้านวรรณกรรม
หลักสูตรศิลปศาสตรบัณฑิต,ศิลปศาสตร์,นักแปล นักเขียน นักวิจารณ์ บรรณาธิการ รวมถึงอาชีพอื่น ๆ ที่เกี่ยวข้องกับสื่อสิ่งพิมพ์และภาพยนตร์
หลักสูตรศิลปศาสตรบัณฑิต,ศิลปศาสตร์,ผู้ผลิตเนื้อหาเชิงสร้างสรรค์
หลักสูตรศิลปศาสตรบัณฑิต,ศิลปศาสตร์,พนักงานทั้งภาครัฐและเอกชนที่ต้องใช้ทักษะภาษาอังกฤษ ทักษะด้านบุคคล และทักษะการให้บริการ เช่น อุตสาหกรรมการท่องเที่ยวและการโรงแรม
หลักสูตรศิลปศาสตรบัณฑิต,ศิลปศาสตร์,พนักงานและนักปฏิบัติการในองค์กรภาควัฒนธรรม เช่น ภัณฑารักษ์ ผู้ทำงานในองค์กรระหว่างประเทศ องค์กรไม่แสวงหาผลกำไร (NGOs) และองค์กรเพื่อสังคมต่าง ๆ รวมถึงงานลักษณะอื่นที่ต้องการความรู้ความเข้าใจเกี่ยวกับบริบทสังคมปัจจุบัน
หลักสูตรศิลปศาสตรบัณฑิต,ศิลปศาสตร์,นักแปล ล่าม นักเขียน
หลักสูตรศิลปศาสตรบัณฑิต,ศิลปศาสตร์,นักการทูต เจ้าหน้าที่องค์กรระหว่างประเทศ
หลักสูตรศิลปศาสตรบัณฑิต,ศิลปศาสตร์,มัคคุเทศก์ พนักงานในธุรกิจนำเที่ยว การโรงแรม และสายการบิน
หลักสูตรศิลปศาสตรบัณฑิต,ศิลปศาสตร์,นักเขียนบทสารคดี นักเขียนข่าว ผู้สื่อข่าว
หลักสูตรศิลปศาสตรบัณฑิต,ศิลปศาสตร์,เจ้าหน้าที่ด้านการต่างประเทศในหน่วยงานภาครัฐและเอกชน
หลักสูตรศิลปศาสตรบัณฑิต,ศิลปศาสตร์,ผู้สอนภาษาญี่ปุ่นและญี่ปุ่นศึกษา
หลักสูตรศิลปศาสตรบัณฑิต,ศิลปศาสตร์,พนักงานในหน่วยงานหรือบริษัทที่ใช้ทักษะภาษาญี่ปุ่นและความรู้ด้านญี่ปุ่นศึกษา
หลักสูตรศิลปศาสตรบัณฑิต,ศิลปศาสตร์,นักแปล ล่าม
หลักสูตรศิลปศาสตรบัณฑิต,ศิลปศาสตร์,อาชีพอิสระที่ใช้ทักษะภาษาญี่ปุ่นและความรู้ด้านญี่ปุ่นศึกษา
หลักสูตรสังคมวิทยาและมานุษยวิทยาบัณฑิต สาขาวิชาการวิจัยทางสังคม,คณะสังคมวิทยาและมานุษยวิทยา,"นักวิจัยทางสังคม (Social Researcher) หรือนักวิชาการ (Acadamian) ทางด้านสังคมและ
วัฒนธรรม ทั้งในหน่วยงานของรัฐและเอกชน"
หลักสูตรสังคมวิทยาและมานุษยวิทยาบัณฑิต สาขาวิชาการวิจัยทางสังคม,คณะสังคมวิทยาและมานุษยวิทยา,นักวิชาการ/ครู/อาจารย์
หลักสูตรสังคมวิทยาและมานุษยวิทยาบัณฑิต สาขาวิชาการวิจัยทางสังคม,คณะสังคมวิทยาและมานุษยวิทยา,"นักบริหารและนักวิเคราะห์ (Analyst) ทางด้านการบริหารจัดการ นโยบายและการวางแผนทาง
สังคม และการวิเคราะห์ผลกระทบทางสังคมและวัฒนธรรม"
หลักสูตรสังคมวิทยาและมานุษยวิทยาบัณฑิต สาขาวิชาการวิจัยทางสังคม,คณะสังคมวิทยาและมานุษยวิทยา,"นักวิชาการพัฒนาชุมชน (Community Development Specialist)/ นักพัฒนาสังคม (Social
Development Worker)"
หลักสูตรสังคมวิทยาและมานุษยวิทยาบัณฑิต สาขาวิชาการวิจัยทางสังคม,คณะสังคมวิทยาและมานุษยวิทยา,ผู้เชี่ยวชาญด้านการรับผิดชอบต่อสังคม (CSR Specialist)
หลักสูตรสังคมวิทยาและมานุษยวิทยาบัณฑิต สาขาวิชาการวิจัยทางสังคม,คณะสังคมวิทยาและมานุษยวิทยา,ผู้บริหารทางด้านทรัพยากรบุคคล (Human Resource Manager)
หลักสูตรสังคมวิทยาและมานุษยวิทยาบัณฑิต สาขาวิชาการวิจัยทางสังคม,คณะสังคมวิทยาและมานุษยวิทยา,นักประวัติศาสตร์สังคม (Social Historian)
หลักสูตรสังคมวิทยาและมานุษยวิทยาบัณฑิต สาขาวิชาการวิจัยทางสังคม,คณะสังคมวิทยาและมานุษยวิทยา,นักวิชาการวัฒนธรรม (Cultural Officer)
หลักสูตรสังคมวิทยาและมานุษยวิทยาบัณฑิต สาขาวิชาการวิจัยทางสังคม,คณะสังคมวิทยาและมานุษยวิทยา,นักการจัดการและบริหารพิพิธภัณฑ์ (Museum Manager)
หลักสูตรสังคมวิทยาและมานุษยวิทยาบัณฑิต สาขาวิชาการวิจัยทางสังคม,คณะสังคมวิทยาและมานุษยวิทยา,นักพัฒนาการท่องเที่ยว (Tourism Development Officer)
หลักสูตรสังคมวิทยาและมานุษยวิทยาบัณฑิต สาขาวิชาการวิจัยทางสังคม,คณะสังคมวิทยาและมานุษยวิทยา,นักเขียนสารคดี (Documentary Writer)
หลักสูตรสังคมวิทยาและมานุษยวิทยาบัณฑิต สาขาวิชาการวิจัยทางสังคม,คณะสังคมวิทยาและมานุษยวิทยา,"ผู้ผลิตสื่อดิจิตอล (Digital Media Producer)/ผู้กำกับสื่อ (Media Director)/ผู้สื่อข่าว
(Reporter)"
หลักสูตรสังคมวิทยาและมานุษยวิทยาบัณฑิต สาขาวิชาการวิจัยทางสังคม,คณะสังคมวิทยาและมานุษยวิทยา,นักวิจารณ์สังคม (Social Criticist)
หลักสูตรเศรษฐศาสตรบัณฑิต,คณะเศรษฐศาสตร์,นักเศรษฐศาสตร์
หลักสูตรเศรษฐศาสตรบัณฑิต,คณะเศรษฐศาสตร์,นักวิจัยด้านเศรษฐศาสตร์
หลักสูตรเศรษฐศาสตรบัณฑิต,คณะเศรษฐศาสตร์,นักวิเคราะห์ด้านนโยบายและการวางแผน
หลักสูตรเศรษฐศาสตรบัณฑิต,คณะเศรษฐศาสตร์,นักวิเคราะห์ด้านการตลาด
หลักสูตรเศรษฐศาสตรบัณฑิต,คณะเศรษฐศาสตร์,นักวิเคราะห์ด้านการลงทุน
หลักสูตรเศรษฐศาสตรบัณฑิต,คณะเศรษฐศาสตร์,นักวิเคราะห์ด้านการเงิน
หลักสูตรเศรษฐศาสตรบัณฑิต,คณะเศรษฐศาสตร์,ประกอบอาชีพอิสระธุรกิจส่วนตัวหรือเจ้าของกิจการ
หลักสูตรเศรษฐศาสตรบัณฑิต,คณะเศรษฐศาสตร์,นักข่าวและสื่อสารมวลชน
หลักสูตรเศรษฐศาสตรบัณฑิต,คณะเศรษฐศาสตร์,อาจารย์
หลักสูตรเศรษฐศาสตรบัณฑิต,คณะเศรษฐศาสตร์,งานองค์กรระหว่างประเทศ
หลักสูตรเศรษฐศาสตรบัณฑิต,คณะเศรษฐศาสตร์,นักวิจัยอิสระ
หลักสูตรเศรษฐศาสตรบัณฑิต,คณะเศรษฐศาสตร์,เจ้าหน้าที่งบประมาณ
หลักสูตรเศรษฐศาสตรบัณฑิต,คณะเศรษฐศาสตร์,ตัวแทนประกันภัย
หลักสูตรเศรษฐศาสตรบัณฑิต,คณะเศรษฐศาสตร์,นักวิชาการ
หลักสูตรศิลปศาสตรบัณฑิต สาขาวิชาภาษาอังกฤษ,คณะศิลปศาสตร์,ผู้สอนภาษาอังกฤษ
หลักสูตรศิลปศาสตรบัณฑิต สาขาวิชาภาษาอังกฤษ,คณะศิลปศาสตร์,นักแปล-ล่าม
หลักสูตรศิลปศาสตรบัณฑิต สาขาวิชาภาษาอังกฤษ,คณะศิลปศาสตร์,นักเขียน
หลักสูตรศิลปศาสตรบัณฑิต สาขาวิชาภาษาอังกฤษ,คณะศิลปศาสตร์,เจ้าหน้าที่ในองค์กรระหว่างประเทศ องค์กรเอกชน หน่วยงานราชการ
หลักสูตรภูมิสถาปัตยกรรมศาสตรบัณฑิต,คณะสถาปัตยกรรมศาสตร์และการผังเมือง,ภูมิสถาปนิก
หลักสูตรภูมิสถาปัตยกรรมศาสตรบัณฑิต,คณะสถาปัตยกรรมศาสตร์และการผังเมือง,นักวางผังบริเวณ
หลักสูตรภูมิสถาปัตยกรรมศาสตรบัณฑิต,คณะสถาปัตยกรรมศาสตร์และการผังเมือง,ที่ปรึกษาด้านสิ่งแวดล้อม
หลักสูตรภูมิสถาปัตยกรรมศาสตรบัณฑิต,คณะสถาปัตยกรรมศาสตร์และการผังเมือง,ที่ปรึกษาด้านการก่อสร้างภูมิสถาปัตยกรรม
หลักสูตรภูมิสถาปัตยกรรมศาสตรบัณฑิต,คณะสถาปัตยกรรมศาสตร์และการผังเมือง,นักบริหารโครงการด้านภูมิสถาปัตยกรรมหรือที่เกี่ยวข้อง
หลักสูตรภูมิสถาปัตยกรรมศาสตรบัณฑิต,คณะสถาปัตยกรรมศาสตร์และการผังเมือง,อาชีพอื่น ๆ ที่เกี่ยวข้อง
หลักสูตรศิลปศาสตรบัณฑิต สาขาวิชาภาษาไทย,ศิลปศาสตร์,ผู้สอนภาษาไทย
หลักสูตรศิลปศาสตรบัณฑิต สาขาวิชาภาษาไทย,ศิลปศาสตร์,นักวิจัย/นักวิชาการด้านภาษา วรรณกรรม และวัฒนธรรมไทย
หลักสูตรศิลปศาสตรบัณฑิต สาขาวิชาภาษาไทย,ศิลปศาสตร์,ผู้ปฏิบัติงานในหน่วยงานของรัฐและเอกชน
หลักสูตรศิลปศาสตรบัณฑิต สาขาวิชาภาษาไทย,ศิลปศาสตร์,ผู้ปฏิบัติงานด้านสื่อสารมวลชนในสื่อสิ่งพิมพ์และสื่อออนไลน์
หลักสูตรศิลปศาสตรบัณฑิต สาขาวิชาภาษาไทย,ศิลปศาสตร์,ผู้ปฏิบัติงานด้านการประชาสัมพันธ์และงานเลขานุการ
หลักสูตรวิทยาศาสตรบัณฑิต สาขาวิชาภูมิศาสตร์และภูมิสารสนเทศ,คณะศิลปศาสตร์,นักภูมิศาสตร์ หรือ นักภูมิสารสนเทศ
หลักสูตรวิทยาศาสตรบัณฑิต สาขาวิชาภูมิศาสตร์และภูมิสารสนเทศ,คณะศิลปศาสตร์,เจ้าหน้าที่แผนที่ภายถ่าย
หลักสูตรวิทยาศาสตรบัณฑิต สาขาวิชาภูมิศาสตร์และภูมิสารสนเทศ,คณะศิลปศาสตร์,นักวิชาการแผนที่
หลักสูตรวิทยาศาสตรบัณฑิต สาขาวิชาภูมิศาสตร์และภูมิสารสนเทศ,คณะศิลปศาสตร์,นักวิจัย นักวิชาการ
หลักสูตรวิทยาศาสตรบัณฑิต สาขาวิชาภูมิศาสตร์และภูมิสารสนเทศ,คณะศิลปศาสตร์,นักวิเคราะห์ด้านการวางแผนและการพัฒนาพื้นที่
หลักสูตรวิทยาศาสตรบัณฑิต สาขาวิชาภูมิศาสตร์และภูมิสารสนเทศ,คณะศิลปศาสตร์,เจ้าหน้าที่สำรวจ
หลักสูตรวิทยาศาสตรบัณฑิต สาขาวิชาภูมิศาสตร์และภูมิสารสนเทศ,คณะศิลปศาสตร์,ผู้สอนด้านภูมิศาสตร์และภูมิสารสนเทศระดับการศึกษาขั้นพื้นฐาน
หลักสูตรวิทยาศาสตรบัณฑิต สาขาวิชาภูมิศาสตร์และภูมิสารสนเทศ,คณะศิลปศาสตร์,นักวิเคราะห์ข้อมูลและการจัดการฐานข้อมูลทางภูมิศาสตร์
หลักสูตรศิลปศาสตรบัณฑิต สาขาวิชาสหวิทยาการ,วิทยาลัยสหวิทยาการ,อาจารย์
หลักสูตรศิลปศาสตรบัณฑิต สาขาวิชาสหวิทยาการ,วิทยาลัยสหวิทยาการ,นักวิจัย
หลักสูตรศิลปศาสตรบัณฑิต สาขาวิชาสหวิทยาการ,วิทยาลัยสหวิทยาการ,นักวิชาการด้านอนุภูมิภาคลุ่มน้ำโขง
หลักสูตรศิลปศาสตรบัณฑิต สาขาวิชาสหวิทยาการ,วิทยาลัยสหวิทยาการ,นักวิชาการศึกษาในสถาบันอุดมศึกษา
หลักสูตรศิลปศาสตรบัณฑิต สาขาวิชาสหวิทยาการ,วิทยาลัยสหวิทยาการ,นักพัฒนาสังคมท้องถิ่น
หลักสูตรศิลปศาสตรบัณฑิต สาขาวิชาสหวิทยาการ,วิทยาลัยสหวิทยาการ,เจ้าหน้าที่วิเคราะห์นโยบายและแผน
หลักสูตรศิลปศาสตรบัณฑิต สาขาวิชาสหวิทยาการ,วิทยาลัยสหวิทยาการ,"เจ้าหน้าที่สถานทูตและองค์กรระหว่างประเทศนักพัฒนาสินค้าและบริการ,ล่าม"
หลักสูตรศิลปศาสตรบัณฑิต สาขาวิชาสหวิทยาการ,วิทยาลัยสหวิทยาการ,ผู้ประกอบการสินค้าและตลาดไทย-อนุภูมิภาคลุ่มน้ำโขง
หลักสูตรศิลปศาสตรบัณฑิต สาขาวิชาสหวิทยาการ,วิทยาลัยสหวิทยาการ,ธุรกิจนำเข้า-ส่งออก
หลักสูตรศิลปศาสตรบัณฑิต สาขาวิชาสหวิทยาการ,วิทยาลัยสหวิทยาการ,ธุรกิจ Start Up
หลักสูตรศิลปศาสตรบัณฑิต สาขาวิชาสหวิทยาการ,วิทยาลัยสหวิทยาการ,ผู้ประกอบการธุรกิจรายย่อย
หลักสูตรศิลปศาสตรบัณฑิต สาขาวิชาสหวิทยาการ,วิทยาลัยสหวิทยาการ,ผู้ประกอบการทางสังคม
หลักสูตรศิลปศาสตรบัณฑิต สาขาวิชาสหวิทยาการ,วิทยาลัยสหวิทยาการ,เจ้าหน้าที่ในองค์กรพัฒนาเอกชน (NGO)
หลักสูตรศิลปศาสตรบัณฑิต สาขาวิชาสหวิทยาการ,วิทยาลัยสหวิทยาการ,เจ้าหน้าที่ประสานงานธุรกิจระหว่างประเทศ
หลักสูตรศิลปศาสตรบัณฑิต สาขาวิชาสหวิทยาการ,วิทยาลัยสหวิทยาการ,เลขานุการ
หลักสูตรศิลปศาสตรบัณฑิต สาขาวิชาสหวิทยาการ,วิทยาลัยสหวิทยาการ,นักพัฒนาการท่องเที่ยว
หลักสูตรศิลปศาสตรบัณฑิต สาขาวิชาสหวิทยาการ,วิทยาลัยสหวิทยาการ,นักส่งเสริมการท่องเที่ยว
หลักสูตรศิลปศาสตรบัณฑิต สาขาวิชาสหวิทยาการ,วิทยาลัยสหวิทยาการ,นักวิชาการท่องเที่ยว
หลักสูตรศิลปศาสตรบัณฑิต สาขาวิชาสหวิทยาการ,วิทยาลัยสหวิทยาการ,ผู้ประกอบการที่พัก
หลักสูตรศิลปศาสตรบัณฑิต สาขาวิชาสหวิทยาการ,วิทยาลัยสหวิทยาการ,ร้านอาหาร
หลักสูตรศิลปศาสตรบัณฑิต สาขาวิชาสหวิทยาการ,วิทยาลัยสหวิทยาการ,ร้านขายของที่ระลึก
หลักสูตรศิลปศาสตรบัณฑิต สาขาวิชาสหวิทยาการ,วิทยาลัยสหวิทยาการ,Blogger สายท่องเที่ยว
หลักสูตรศิลปศาสตรบัณฑิต สาขาวิชาสหวิทยาการ,วิทยาลัยสหวิทยาการ,นักรีวิวสถานที่ท่องเที่ยว
หลักสูตรศิลปศาสตรบัณฑิต สาขาวิชาสหวิทยาการ,วิทยาลัยสหวิทยาการ,ผู้ประกอบการบริษัทนำเที่ยว
หลักสูตรศิลปศาสตรบัณฑิต สาขาวิชาสหวิทยาการ,วิทยาลัยสหวิทยาการ,มัคคุเทศก์ส่วนตัว
หลักสูตรศิลปศาสตรบัณฑิต สาขาวิชาสหวิทยาการ,วิทยาลัยสหวิทยาการ,นักออกแบบและวางแผนการท่องเที่ยว
หลักสูตรศิลปศาสตรบัณฑิต สาขาวิชาสหวิทยาการ,วิทยาลัยสหวิทยาการ,ผู้ประกอบการธุรกิจในอุตสาหกรรมท่องเที่ยว
หลักสูตรศิลปศาสตรบัณฑิต สาขาวิชาสหวิทยาการ,วิทยาลัยสหวิทยาการ,ฝ่ายประสานงานบริษัททัวร์
หลักสูตรศิลปศาสตรบัณฑิต สาขาวิชาสหวิทยาการ,วิทยาลัยสหวิทยาการ,ที่ปรึกษาการด้านท่องเที่ยว
หลักสูตรศิลปศาสตรบัณฑิต สาขาวิชาสหวิทยาการ,วิทยาลัยสหวิทยาการ,ฝ่ายบริการข้อมูลลูกค้าด้านสถานที่ท่องเที่ยว
หลักสูตรศิลปศาสตรบัณฑิต สาขาวิชาสหวิทยาการ,วิทยาลัยสหวิทยาการ,เจ้าหน้าที่ออกแบบโปรแกรมนำเที่ยว
หลักสูตรศิลปศาสตรบัณฑิต สาขาวิชาสหวิทยาการ,วิทยาลัยสหวิทยาการ,ฝ่ายประชาสัมพันธ์
หลักสูตรศิลปศาสตรบัณฑิต สาขาวิชาสหวิทยาการ,วิทยาลัยสหวิทยาการ,พนักงานฝ่ายต้อนรับส่วนหน้า
หลักสูตรศิลปศาสตรบัณฑิต สาขาวิชาสหวิทยาการ,วิทยาลัยสหวิทยาการ,ฝ่ายธุรการ
หลักสูตรศิลปศาสตรบัณฑิต สาขาวิชาสหวิทยาการ,วิทยาลัยสหวิทยาการ,พนักงานบริการบนเรือสำราญ
หลักสูตรศิลปศาสตรบัณฑิต สาขาวิชาสหวิทยาการ,วิทยาลัยสหวิทยาการ,"เจ้าหน้าที่ประสานงานและดูแลลูกค้า,นักท่องเที่ยว"
หลักสูตรศิลปศาสตรบัณฑิต สาขาวิชาสหวิทยาการ,วิทยาลัยสหวิทยาการ,พนักงานบริษัทรับจัดอีเว้นท์
หลักสูตรศิลปศาสตรบัณฑิต สาขาวิชาสหวิทยาการ,วิทยาลัยสหวิทยาการ,เจ้าหน้าที่ประสานงานการประชุมและการแสดงสินค้า
หลักสูตรศิลปศาสตรบัณฑิต สาขาวิชาสหวิทยาการ,วิทยาลัยสหวิทยาการ,ฝ่ายวางแผนและดำเนินการจัดกิจกรรมพิเศษ
หลักสูตรศิลปศาสตรบัณฑิต สาขาวิชาสหวิทยาการ,วิทยาลัยสหวิทยาการ,พนักงานบริการผู้โดยสารบนเครื่องบิน (แอร์โฮสเตส/สจ๊วต)
หลักสูตรศิลปศาสตรบัณฑิต สาขาวิชาสหวิทยาการ,วิทยาลัยสหวิทยาการ,พนักงานสำรองตั๋วเครื่องบินและพนักงานบริการผู้โดยสารภาคพื้น
หลักสูตรศิลปศาสตรบัณฑิต สาขาวิชาสหวิทยาการ,วิทยาลัยสหวิทยาการ,นักวิชาการด้านการจัดการทรัพยากรทางสังคมวัฒนธรรม
หลักสูตรศิลปศาสตรบัณฑิต สาขาวิชาสหวิทยาการ,วิทยาลัยสหวิทยาการ,นักสื่อสารมวลชน
หลักสูตรศิลปศาสตรบัณฑิต สาขาวิชาสหวิทยาการ,วิทยาลัยสหวิทยาการ,นักสื่อความหมาย
หลักสูตรศิลปศาสตรบัณฑิต สาขาวิชาสหวิทยาการ,วิทยาลัยสหวิทยาการ,พัฒนากร
หลักสูตรศิลปศาสตรบัณฑิต สาขาวิชาสหวิทยาการ,วิทยาลัยสหวิทยาการ,ผู้ประสานงานโครงการภาครัฐและเอกชน
หลักสูตรศิลปศาสตรบัณฑิต สาขาวิชาสหวิทยาการ,วิทยาลัยสหวิทยาการ,เจ้าหน้าที่ฝ่ายทำธุรกิจเพื่อสังคม
หลักสูตรศิลปศาสตรบัณฑิต สาขาวิชาสหวิทยาการ,วิทยาลัยสหวิทยาการ,เจ้าหน้าที่วิเคราะห์นโยบายและแผน
หลักสูตรศิลปศาสตรบัณฑิต สาขาวิชาสหวิทยาการ,วิทยาลัยสหวิทยาการ,เจ้าหน้าที่ในองค์กรพัฒนาเอกชน (NGO)
หลักสูตรศิลปศาสตรบัณฑิต สาขาวิชาสหวิทยาการ,วิทยาลัยสหวิทยาการ,เจ้าหน้าที่ในองค์กรปกครองส่วนท้องถิ่น
หลักสูตรศิลปศาสตรบัณฑิต สาขาวิชาสหวิทยาการ,วิทยาลัยสหวิทยาการ,เจ้าหน้าที่ฝ่ายบุคคลหรือพัฒนาทรัพยากรมนุษย์
หลักสูตรศิลปศาสตรบัณฑิต สาขาวิชาสหวิทยาการ,วิทยาลัยสหวิทยาการ,เจ้าหน้าที่หอศิลป์และพิพิธภัณฑ์
หลักสูตรศิลปศาสตรบัณฑิต สาขาวิชาสหวิทยาการ,วิทยาลัยสหวิทยาการ,เจ้าหน้าที่ฝึกอบรมและเจ้าหน้าที่กิจกรรมเพื่อสังคม
หลักสูตรศิลปศาสตรบัณฑิต สาขาวิชาสหวิทยาการ,วิทยาลัยสหวิทยาการ,ผู้จัดการในธุรกิจท่องเที่ยวและบริการ
หลักสูตรศิลปศาสตรบัณฑิต สาขาวิชาสหวิทยาการ,วิทยาลัยสหวิทยาการ,ผู้ประกอบการเกี่ยวกับสินค้าในชุมชน
หลักสูตรศิลปศาสตรบัณฑิต สาขาวิชาสหวิทยาการ,วิทยาลัยสหวิทยาการ,ผู้ประกอบการอุตสาหกรรมวัฒนธรรม
หลักสูตรศิลปศาสตรบัณฑิต สาขาวิชาอาณาบริเวณศึกษา,คณะศิลปศาสตร์,ข้าราชการ พนักงานหน่วยงานของรัฐทั้งในประเทศและต่างประเทศ
หลักสูตรศิลปศาสตรบัณฑิต สาขาวิชาอาณาบริเวณศึกษา,คณะศิลปศาสตร์,พนักงานองค์การเอกชนในประเทศและต่างประเทศ
หลักสูตรศิลปศาสตรบัณฑิต สาขาวิชาอาณาบริเวณศึกษา,คณะศิลปศาสตร์,นักวิชาการ นักวิจัย ผู้สอนด้านอาณาบริเวณศึกษา
หลักสูตรศิลปศาสตรบัณฑิต สาขาวิชาอาณาบริเวณศึกษา,คณะศิลปศาสตร์,บุคลากรในสายอาชีพด้านการท่องเที่ยวและบริการ
หลักสูตรศิลปศาสตรบัณฑิต สาขาวิชาอาณาบริเวณศึกษา,คณะศิลปศาสตร์,บุคลากรในสายอาชีพด้านสื่อสารมวลชน
หลักสูตรศิลปศาสตรบัณฑิต สาขาวิชาอาณาบริเวณศึกษา,คณะศิลปศาสตร์,นักแปล ล่าม นักเขียน นักวิจารณ์
หลักสูตรศิลปศาสตรบัณฑิต สาขาวิชาอาณาบริเวณศึกษา,คณะศิลปศาสตร์,ผู้ประกอบการ หรือนักธุรกิจในภูมิภาคที่ตนศึกษา
หลักสูตรศิลปศาสตรบัณฑิต สาขาวิชาอังกฤษ-อเมริกันศึกษา,คณะศิลปศาสตร์,ข้าราชการในหน่วยงานของรัฐ เช่น กระทรวงการต่างประเทศ
หลักสูตรศิลปศาสตรบัณฑิต สาขาวิชาอังกฤษ-อเมริกันศึกษา,คณะศิลปศาสตร์,เจ้าหน้าที่สถานทูต องค์กรระหว่างประเทศ
หลักสูตรศิลปศาสตรบัณฑิต สาขาวิชาอังกฤษ-อเมริกันศึกษา,คณะศิลปศาสตร์,พนักงานในหน่วยงานของรัฐหรือเอกชนที่ใช้ภาษาอังกฤษในการสื่อสาร
หลักสูตรศิลปศาสตรบัณฑิต สาขาวิชาการสื่อสารเชิงธุรกิจ,ศิลปศาสตร์,พนักงานในบริษัทเอกชน
หลักสูตรศิลปศาสตรบัณฑิต สาขาวิชาการสื่อสารเชิงธุรกิจ,ศิลปศาสตร์,พนักงานในองค์กรระดับชาติและนานาชาติ
หลักสูตรศิลปศาสตรบัณฑิต สาขาวิชาการสื่อสารเชิงธุรกิจ,ศิลปศาสตร์,นักธุรกิจ ผู้ประกอบการ เจ้าของกิจการธุรกิจที่เกี่ยวข้องกับต่างประเทศ
หลักสูตรศิลปศาสตรบัณฑิต สาขาวิชาการสื่อสารเชิงธุรกิจ,ศิลปศาสตร์,เจ้าหน้าที่องค์กรระหว่างประเทศ นักการทูต
หลักสูตรศิลปศาสตรบัณฑิต สาขาวิชาการสื่อสารเชิงธุรกิจ,ศิลปศาสตร์,นักแปล ล่าม
หลักสูตรศิลปศาสตรบัณฑิต สาขาวิชาการสื่อสารเชิงธุรกิจ,ศิลปศาสตร์,อาชีพที่เกี่ยวข้องในอุตสาหกรรมท่องเที่ยวและบริการ และการสื่อสาร
หลักสูตรศิลปศาสตรบัณฑิต สาขาวิชาการแปลและล่ามในยุคดิจิทัล,คณะศิลปศาสตร์,นักแปลและล่าม
หลักสูตรศิลปศาสตรบัณฑิต สาขาวิชาการแปลและล่ามในยุคดิจิทัล,คณะศิลปศาสตร์,บรรณาธิการงานแปล/ผู้ตรวจสอบงานแปล
หลักสูตรศิลปศาสตรบัณฑิต สาขาวิชาการแปลและล่ามในยุคดิจิทัล,คณะศิลปศาสตร์,นักโลคัลไลเซชัน/ผู้เชี่ยวชาญด้านโลคัลไลเซชัน
หลักสูตรศิลปศาสตรบัณฑิต สาขาวิชาการแปลและล่ามในยุคดิจิทัล,คณะศิลปศาสตร์,ผู้บริหารโครงการแปล/ผู้บริหารโครงการโลคัลไลเซชัน
หลักสูตรศิลปศาสตรบัณฑิต สาขาวิชาการแปลและล่ามในยุคดิจิทัล,คณะศิลปศาสตร์,นักพัฒนาเทคโนโลยีและเครื่องมือช่วยแปล
หลักสูตรศิลปศาสตรบัณฑิต สาขาวิชาการแปลและล่ามในยุคดิจิทัล,คณะศิลปศาสตร์,นักวิจัย/อาจารย์
หลักสูตรวิทยาศาสตรบัณฑิต สาขาวิชาคณิตศาสตร์ประยุกต์,คณะวิทยาศาสตร์และเทคโนโลยี,นักวิเคราะห์ระบบและนักวิเคราะห์ข้อมูล
หลักสูตรวิทยาศาสตรบัณฑิต สาขาวิชาคณิตศาสตร์ประยุกต์,คณะวิทยาศาสตร์และเทคโนโลยี,นักออกแบบและนักจัดการงานระบบการผลิตการดำเนินงานในโรงงานอุตสาหกรรม
หลักสูตรวิทยาศาสตรบัณฑิต สาขาวิชาคณิตศาสตร์ประยุกต์,คณะวิทยาศาสตร์และเทคโนโลยี,ครู อาจารย์
หลักสูตรวิทยาศาสตรบัณฑิต สาขาวิชาคณิตศาสตร์ประยุกต์,คณะวิทยาศาสตร์และเทคโนโลยี,นักวิจัย นักวิชาการ
หลักสูตรวิทยาศาสตรบัณฑิต สาขาวิชาคณิตศาสตร์ประยุกต์,คณะวิทยาศาสตร์และเทคโนโลยี,งานวิจัยในแผนกการวางแผนและพัฒนาของหน่วยงานภาครัฐและเอกชน
หลักสูตรวิทยาศาสตรบัณฑิต สาขาวิชาคณิตศาสตร์ประยุกต์,คณะวิทยาศาสตร์และเทคโนโลยี,งานด้านประกันภัย ประกันชีวิต
หลักสูตรวิทยาศาสตรบัณฑิต สาขาวิชาคณิตศาสตร์ประยุกต์,คณะวิทยาศาสตร์และเทคโนโลยี,นักวางแผนทางการเงิน งานด้านการเงิน การธนาคาร
หลักสูตรวิทยาศาสตรบัณฑิต สาขาวิชาคณิตศาสตร์ประยุกต์,คณะวิทยาศาสตร์และเทคโนโลยี,ผู้พัฒนาซอฟต์แวร์หรือโปรแกรมเมอร์
หลักสูตรวิทยาศาสตรบัณฑิต สาขาวิชาคณิตศาสตร์ประยุกต์,คณะวิทยาศาสตร์และเทคโนโลยี,นักออกแบบระบบการผลิตการดำเนินงานในโรงงานอุตสาหกรรมหรือสายการบิน
หลักสูตรวิทยาศาสตรบัณฑิต สาขาวิชาคณิตศาสตร์ประยุกต์,คณะวิทยาศาสตร์และเทคโนโลยี,อาชีพอื่น ๆ ในหน่วยงานราชการและเอกชน ที่ใช้ทักษะความรู้ทางด้านคณิตศาสตร์ประยุกต์
"หลักสูตรวิทยาศาสตรบัณฑิต สาขาวิชาการจัดการออกแบบ ธุรกิจ และเทคโนโลยี
(หลักสูตรนานาชาติ)",คณะสถาปัตยกรรมศาสตร์และการผังเมือง,ผู้จัดการออกแบบ นักวางแผนฝ่ายพัฒนาธุรกิจและผลิตภัณฑ์ใหม่
"หลักสูตรวิทยาศาสตรบัณฑิต สาขาวิชาการจัดการออกแบบ ธุรกิจ และเทคโนโลยี
(หลักสูตรนานาชาติ)",คณะสถาปัตยกรรมศาสตร์และการผังเมือง,นวัตกรทางด้านการออกแบบ
"หลักสูตรวิทยาศาสตรบัณฑิต สาขาวิชาการจัดการออกแบบ ธุรกิจ และเทคโนโลยี
(หลักสูตรนานาชาติ)",คณะสถาปัตยกรรมศาสตร์และการผังเมือง,ผู้ประกอบการอิสระ
หลักสูตรวิทยาศาสตรบัณฑิต สาขาวิชาเทคโนโลยีและนวัตกรรมดิจิทัล,คณะวิทยาศาสตร์และเทคโนโลยี,"นักพัฒนาซอฟต์แวร์ นักพัฒนาเอพีไอ ผู้มีความสามารถในการวิเคราะห์และปรับปรุงสมรรถนะ
ของโปรแกรม"
หลักสูตรวิทยาศาสตรบัณฑิต สาขาวิชาเทคโนโลยีและนวัตกรรมดิจิทัล,คณะวิทยาศาสตร์และเทคโนโลยี,นักวิทยาการข้อมูล นักวิเคราะห์ข้อมูล ผู้ใส่คำประกอบชุดข้อมูล
หลักสูตรวิทยาศาสตรบัณฑิต สาขาวิชาเทคโนโลยีและนวัตกรรมดิจิทัล,คณะวิทยาศาสตร์และเทคโนโลยี,"นักพัฒนาบนระบบประมวลผลสมรรถนะสูง ผู้ดูแลระบบคลาวด์ เจ้าหน้าที่คอมพิวเตอร์เพื่องาน
คำนวณสมรรถนะสูง"
หลักสูตรวิทยาศาสตรบัณฑิต สาขาวิชาเทคโนโลยีและนวัตกรรมดิจิทัล,คณะวิทยาศาสตร์และเทคโนโลยี,อาชีพและสายงานที่เกี่ยวข้องกับปัญญาประดิษฐ์
หลักสูตรวิทยาศาสตรบัณฑิต สาขาวิชาเทคโนโลยีและนวัตกรรมดิจิทัล,คณะวิทยาศาสตร์และเทคโนโลยี,"นักพัฒนาระบบสมองกลฝังตัว นักพัฒนาไอโอที นักพัฒนาผลิตภัณฑ์ดิจิทัล และนวัตกรรมด้าน
ไอโอที"
หลักสูตรวิทยาศาสตรบัณฑิต สาขาวิชาเทคโนโลยีและนวัตกรรมดิจิทัล,คณะวิทยาศาสตร์และเทคโนโลยี,"นักออกแบบผลิตภัณฑ์ดิจิทัล นักวิเคราะห์ธุรกิจ นักออกแบบระบบติดต่อกับผู้ใช้ นักออกแบบ
ผลิตสื่อดิจิทัลแบบปฏิสัมพันธ์"
หลักสูตรวิทยาศาสตรบัณฑิต สาขาวิชาเทคโนโลยีและนวัตกรรมดิจิทัล,คณะวิทยาศาสตร์และเทคโนโลยี,"นักวิชาการคอมพิวเตอร์ เจ้าหน้าที่คอมพิวเตอร์ เจ้าหน้าที่สารสนเทศ เจ้าหน้าที่สนับสนุนและ
บริการระบบสารสนเทศ ในหน่วยงานของรัฐ เอกชน ตำรวจ ทหาร สถานพยาบาล"
หลักสูตรวิทยาศาสตรบัณฑิต สาขาวิชาเทคโนโลยีและนวัตกรรมดิจิทัล,คณะวิทยาศาสตร์และเทคโนโลยี,"เจ้าของกิจการ สตาร์ตอัป สำหรับพัฒนาผลิตภัณฑ์ดิจิทัล หรือกิจการที่ให้บริการด้านสารสนเทศ
รับจ้างจัดเก็บข้อมูล ติดตั้งระบบไอโอที จัดทำชุดข้อมูล ใส่คำประกอบชุดข้อมูล"
หลักสูตรวิทยาศาสตรบัณฑิต สาขาวิชาเทคโนโลยีและนวัตกรรมดิจิทัล,คณะวิทยาศาสตร์และเทคโนโลยี,นักเขียนบทความอิสระ ผู้ดูแลเว็บไซต์
หลักสูตรวิทยาศาสตรบัณฑิต สาขาวิชาเทคโนโลยีและนวัตกรรมดิจิทัล,คณะวิทยาศาสตร์และเทคโนโลยี,ผู้ช่วยจัดการฝึกอบรมด้านไอที ผู้ช่วยวิจัย อาจารย์ผู้ช่วยสอนวุฒิปริญญาตรี
"หลักสูตรศิลปศาสตรบัณฑิต สาขาวิชาปรัชญา การเมือง และเศรษฐศาสตร์
(หลักสูตรนานาชาติ)",วิทยาลัยสหวิทยาการ,นักการเมือง
"หลักสูตรศิลปศาสตรบัณฑิต สาขาวิชาปรัชญา การเมือง และเศรษฐศาสตร์
(หลักสูตรนานาชาติ)",วิทยาลัยสหวิทยาการ,ผู้สื่อข่าว
"หลักสูตรศิลปศาสตรบัณฑิต สาขาวิชาปรัชญา การเมือง และเศรษฐศาสตร์
(หลักสูตรนานาชาติ)",วิทยาลัยสหวิทยาการ,เจ้าหน้าที่หน่วยงานรัฐและรัฐวิสาหกิจ
"หลักสูตรศิลปศาสตรบัณฑิต สาขาวิชาปรัชญา การเมือง และเศรษฐศาสตร์
(หลักสูตรนานาชาติ)",วิทยาลัยสหวิทยาการ,เจ้าหน้าที่บุคคล
"หลักสูตรศิลปศาสตรบัณฑิต สาขาวิชาปรัชญา การเมือง และเศรษฐศาสตร์
(หลักสูตรนานาชาติ)",วิทยาลัยสหวิทยาการ,นักการทูต และเจ้าหน้าที่ในองค์กรระหว่างประเทศ
"หลักสูตรศิลปศาสตรบัณฑิต สาขาวิชาปรัชญา การเมือง และเศรษฐศาสตร์(หลักสูตรนานาชาติ)",วิทยาลัยสหวิทยาการ,พนักงานบริษัทเอกชนทั้งในต่างประเทศ
"หลักสูตรศิลปศาสตรบัณฑิต สาขาวิชาปรัชญา การเมือง และเศรษฐศาสตร์
(หลักสูตรนานาชาติ)",วิทยาลัยสหวิทยาการ,นักธุรกิจ
"หลักสูตรศิลปศาสตรบัณฑิต สาขาวิชาปรัชญา การเมือง และเศรษฐศาสตร์
(หลักสูตรนานาชาติ)",วิทยาลัยสหวิทยาการ,เจ้าของกิจการและอาชีพอิสระอื่นๆ
"หลักสูตรศิลปศาสตรบัณฑิต สาขาวิชาปรัชญา การเมือง และเศรษฐศาสตร์
(หลักสูตรนานาชาติ)",วิทยาลัยสหวิทยาการ,นักวิชาการและนักวิจัย
หลักสูตรศิลปศาสตรบัณฑิต สาขาวิชาโลกคดีศึกษาและการประกอบการสังคม (หลักสูตรนานาชาติ),วิทยาลัยโลกคดีศึกษา,เจ้าหน้าที่พัฒนาธุรกิจ หน้าที่ และความรับผิดชอบ (CSR)
หลักสูตรศิลปศาสตรบัณฑิต สาขาวิชาโลกคดีศึกษาและการประกอบการสังคม (หลักสูตรนานาชาติ),วิทยาลัยโลกคดีศึกษา,นักวางแผน
หลักสูตรศิลปศาสตรบัณฑิต สาขาวิชาโลกคดีศึกษาและการประกอบการสังคม (หลักสูตรนานาชาติ),วิทยาลัยโลกคดีศึกษา,นักวิชาการ
หลักสูตรศิลปศาสตรบัณฑิต สาขาวิชาโลกคดีศึกษาและการประกอบการสังคม (หลักสูตรนานาชาติ),วิทยาลัยโลกคดีศึกษา,นักปฏิบัติการเชิงวิชาชีพทางการสื่อสารเพื่อขับเคลื่อนนวัตกรรม
หลักสูตรศิลปศาสตรบัณฑิต สาขาวิชาโลกคดีศึกษาและการประกอบการสังคม (หลักสูตรนานาชาติ),วิทยาลัยโลกคดีศึกษา,นักสื่อสารสังคม
หลักสูตรศิลปศาสตรบัณฑิต สาขาวิชาโลกคดีศึกษาและการประกอบการสังคม (หลักสูตรนานาชาติ),วิทยาลัยโลกคดีศึกษา,นักพัฒนาองค์กร
หลักสูตรศิลปศาสตรบัณฑิต สาขาวิชาโลกคดีศึกษาและการประกอบการสังคม (หลักสูตรนานาชาติ),วิทยาลัยโลกคดีศึกษา,นักออกแบบนวัตกรรมสังคม
หลักสูตรการออกแบบพัฒนาชุมชนเมืองบัณฑิต,คณะสถาปัตยกรรมศาสตร์และการผังเมือง,ประกอบวิชาชีพอิสระ
หลักสูตรการออกแบบพัฒนาชุมชนเมืองบัณฑิต,คณะสถาปัตยกรรมศาสตร์และการผังเมือง,ทำงานในหน่วยงานราชการ องค์กรที่ไม่แสวงหากำไร
หลักสูตรการออกแบบพัฒนาชุมชนเมืองบัณฑิต,คณะสถาปัตยกรรมศาสตร์และการผังเมือง,"ทำงานบริษัทที่ปรึกษาโครงการที่เกี่ยวข้องกับการออกแบบและพัฒนาชุมชนเมือง ได้หลายประเภท ทั้งในและ
ต่างประเทศ"
"หลักสูตรรัฐศาสตรบัณฑิต สาขาวิชาการเมืองและการระหว่างประเทศ
(หลักสูตรนานาชาติ)",คณะรัฐศาสตร์,นักการทูต
"หลักสูตรรัฐศาสตรบัณฑิต สาขาวิชาการเมืองและการระหว่างประเทศ
(หลักสูตรนานาชาติ)",คณะรัฐศาสตร์,ข้าราชการหรือผู้แทนรัฐบาลไทยในต่างประเทศ
"หลักสูตรรัฐศาสตรบัณฑิต สาขาวิชาการเมืองและการระหว่างประเทศ
(หลักสูตรนานาชาติ)",คณะรัฐศาสตร์,เจ้าหน้าที่องค์กรระหว่างประเทศ
"หลักสูตรรัฐศาสตรบัณฑิต สาขาวิชาการเมืองและการระหว่างประเทศ
(หลักสูตรนานาชาติ)",คณะรัฐศาสตร์,เจ้าหน้าที่สื่อสารมวลชน
"หลักสูตรรัฐศาสตรบัณฑิต สาขาวิชาการเมืองและการระหว่างประเทศ
(หลักสูตรนานาชาติ)",คณะรัฐศาสตร์,เจ้าหน้าที่บริหารด้านต่างประเทศ บริษัทเอกชน
หลักสูตรวิทยาศาสตรบัณฑิต สาขาวิชาเทคโนโลยีเพื่อการพัฒนายั่งยืน,คณะวิทยาศาสตร์และเทคโนโลยี,ผู้ประกอบการธุรกิจส่วนตัว
หลักสูตรวิทยาศาสตรบัณฑิต สาขาวิชาเทคโนโลยีเพื่อการพัฒนายั่งยืน,คณะวิทยาศาสตร์และเทคโนโลยี,นักวิจัยและนักวิชาการด้านการพัฒนา
หลักสูตรวิทยาศาสตรบัณฑิต สาขาวิชาเทคโนโลยีเพื่อการพัฒนายั่งยืน,คณะวิทยาศาสตร์และเทคโนโลยี,พนักงานบริษัท
หลักสูตรวิทยาศาสตรบัณฑิต สาขาวิชาเทคโนโลยีเพื่อการพัฒนายั่งยืน,คณะวิทยาศาสตร์และเทคโนโลยี,พนักงานราชการ พนักงานท้องถิ่น และพนักงานรัฐวิสาหกิจ
หลักสูตรวิทยาศาสตรบัณฑิต สาขาวิชาเทคโนโลยีเพื่อการพัฒนายั่งยืน,คณะวิทยาศาสตร์และเทคโนโลยี,อาชีพอิสระ
หลักสูตรวิทยาศาสตรบัณฑิต สาขาวิชาเทคโนโลยีเพื่อการพัฒนายั่งยืน,คณะวิทยาศาสตร์และเทคโนโลยี,อาจารย์
หลักสูตรวิทยาศาสตรบัณฑิต สาขาวิชาสถาปัตยกรรม,คณะสถาปัตยกรรมศาสตร์และการผังเมือง,"หลักสูตรวิทยาศาสตรบัณฑิตเป็นหลักสูตรต่อเนื่อง 4+2 ปี ที่นักศึกษาต้องเรียนต่อในหลักสูตร
สถาปัตยกรรมมหาบัณฑิต ถ้านักศึกษาสิ้นสุดการศึกษาในระดับปริญญาตรี จะต้องมีประสบการณ์ทำงาน
เพิ่มเติมตามที่สภาสถาปนิกกำหนด จึงจะสามารถขอสอบใบอนุญาตประกอบวิชาชีพสถาปัตยกรรมควบคุมได้"
หลักสูตรวิทยาศาสตรบัณฑิต สาขาวิชาวิทยาศาสตร์สิ่งแวดล้อม,คณะวิทยาศาสตร์และเทคโนโลยี,นักวิชาการด้านการจัดการสิ่งแวดล้อมในหน่วยงานราชการที่เกี่ยวข้องกับระบบการจัดการ ควบคุม และตรวจสอบด้านสิ่งแวดล้อม เช่น กระทรวงทรัพยากรธรรมชาติและสิ่งแวดล้อม กระทรวง อุตสาหกรรม ตลอดจนหน่วยงานอื่นๆ ที่เกี่ยวข้อง
หลักสูตรวิทยาศาสตรบัณฑิต สาขาวิชาวิทยาศาสตร์สิ่งแวดล้อม,คณะวิทยาศาสตร์และเทคโนโลยี,นักวิชาการในบริษัทเอกชนหรือรัฐวิสาหกิจ เช่น สถาบันวิจัยและพัฒนางานด้านสิ่งแวดล้อม บริษัทที่ให้คำปรึกษางานด้านสิ่งแวดล้อม โรงงานอุตสาหกรรม นิคมอุตสาหกรรม บริษัทเอกชน สถาบันวิจัยวิทยาศาสตร์และเทคโนโลยีแห่งประเทศไทย ตลอดจนหน่วยงานอื่นๆ ที่เกี่ยวข้อง
หลักสูตรวิทยาศาสตรบัณฑิต สาขาวิชาวิทยาศาสตร์สิ่งแวดล้อม,คณะวิทยาศาสตร์และเทคโนโลยี,ประกอบธุรกิจส่วนตัวทางด้านการจัดการหรือเทคโนโลยีสิ่งแวดล้อม
หลักสูตรวิทยาศาสตรบัณฑิต สาขาวิชาวิทยาศาสตร์สิ่งแวดล้อม,คณะวิทยาศาสตร์และเทคโนโลยี,อาชีพอิสระ
หลักสูตรวิทยาศาสตรบัณฑิต สาขาวิชาเทคโนโลยีการเกษตร,คณะวิทยาศาสตร์และเทคโนโลยี,อาจารย์ในสถาบันการศึกษาทั้งภาครัฐและเอกชน
หลักสูตรวิทยาศาสตรบัณฑิต สาขาวิชาเทคโนโลยีการเกษตร,คณะวิทยาศาสตร์และเทคโนโลยี,"นักวิจัย นักวิชาการเกษตร และนักส่งเสริมการเกษตรทั้งในภาครัฐและเอกชน เช่น กรม
วิชาการเกษตร กรมส่งเสริมการเกษตร กรมปศุสัตว์ และบริษัทเอกชนด้านการเกษตร เป็นต้น"
หลักสูตรวิทยาศาสตรบัณฑิต สาขาวิชาเทคโนโลยีการเกษตร,คณะวิทยาศาสตร์และเทคโนโลยี,ประกอบธุรกิจการเกษตร
หลักสูตรวิทยาศาสตรบัณฑิต สาขาวิชาเทคโนโลยีการเกษตร,คณะวิทยาศาสตร์และเทคโนโลยี,ศึกษาต่อในระดับบัณฑิตศึกษา
"หลักสูตรวิทยาศาสตรบัณฑิต
สาขาวิชาเทคโนโลยีพลังงานชีวภาพและการแปรรูปเคมีชีวภาพ",คณะวิทยาศาสตร์และเทคโนโลยี,นักเทคโนโลยีในสถานประกอบการ
"หลักสูตรวิทยาศาสตรบัณฑิต
สาขาวิชาเทคโนโลยีพลังงานชีวภาพและการแปรรูปเคมีชีวภาพ",คณะวิทยาศาสตร์และเทคโนโลยี,ผู้ประกอบการอุตสาหกรรม
"หลักสูตรวิทยาศาสตรบัณฑิต
สาขาวิชาเทคโนโลยีพลังงานชีวภาพและการแปรรูปเคมีชีวภาพ",คณะวิทยาศาสตร์และเทคโนโลยี,นักวิจัยและนักวิทยาศาสตร์ทั้งในหน่วยงานราชการและเอกชน
"หลักสูตรวิทยาศาสตรบัณฑิต
สาขาวิชาเทคโนโลยีพลังงานชีวภาพและการแปรรูปเคมีชีวภาพ",คณะวิทยาศาสตร์และเทคโนโลยี,พนักงานราชการและพนักงานรัฐวิสาหกิจ
"หลักสูตรวิทยาศาสตรบัณฑิต
สาขาวิชาเทคโนโลยีพลังงานชีวภาพและการแปรรูปเคมีชีวภาพ",คณะวิทยาศาสตร์และเทคโนโลยี,อาจารย์ทั้งในหน่วยงานราชการและเอกชน
"หลักสูตรวิทยาศาสตรบัณฑิต
สาขาวิชาเทคโนโลยีพลังงานชีวภาพและการแปรรูปเคมีชีวภาพ",คณะวิทยาศาสตร์และเทคโนโลยี,อาชีพอิสระ
หลักสูตรวิทยาศาสตรบัณฑิต สาขาวิชานวัตกรรมและการแปรรูปทางดิจิทัล,วิทยาลัยนวัตกรรม,นักบริหารดิจิทัล
หลักสูตรวิทยาศาสตรบัณฑิต สาขาวิชานวัตกรรมและการแปรรูปทางดิจิทัล,วิทยาลัยนวัตกรรม,นักวิเคราะห์ข้อมูล
หลักสูตรวิทยาศาสตรบัณฑิต สาขาวิชานวัตกรรมและการแปรรูปทางดิจิทัล,วิทยาลัยนวัตกรรม,นักการตลาดดิจิทัล
หลักสูตรวิทยาศาสตรบัณฑิต สาขาวิชานวัตกรรมและการแปรรูปทางดิจิทัล,วิทยาลัยนวัตกรรม,ผู้ปฏิบัติงานด้าน Cyber Security
หลักสูตรวิทยาศาสตรบัณฑิต สาขาวิชานวัตกรรมและการแปรรูปทางดิจิทัล,วิทยาลัยนวัตกรรม,พนักงานองค์การด้านนวัตกรรม
หลักสูตรวิทยาศาสตรบัณฑิต สาขาวิชานวัตกรรมและการแปรรูปทางดิจิทัล,วิทยาลัยนวัตกรรม,พนักงานองค์กรฝ่ายวิเคราะห์และวางแผนโครงการทางดิจิทัล
หลักสูตรวิทยาศาสตรบัณฑิต สาขาวิชาวิทยาการคอมพิวเตอร์,คณะวิทยาศาสตร์และเทคโนโลยี,นักวิชาการสายวิทยาการคอมพิวเตอร์ หรือนักวิทยาศาสตร์คอมพิวเตอร์
หลักสูตรวิทยาศาสตรบัณฑิต สาขาวิชาวิทยาการคอมพิวเตอร์,คณะวิทยาศาสตร์และเทคโนโลยี,นักวิเคราะห์และออกแบบระบบงานสารสนเทศ
หลักสูตรวิทยาศาสตรบัณฑิต สาขาวิชาวิทยาการคอมพิวเตอร์,คณะวิทยาศาสตร์และเทคโนโลยี,ผู้พัฒนาซอฟต์แวร์
หลักสูตรวิทยาศาสตรบัณฑิต สาขาวิชาวิทยาการคอมพิวเตอร์,คณะวิทยาศาสตร์และเทคโนโลยี,ผู้ดูแลระบบเครือข่ายและเครื่องแม่ข่าย
หลักสูตรวิทยาศาสตรบัณฑิต สาขาวิชาวิทยาการคอมพิวเตอร์,คณะวิทยาศาสตร์และเทคโนโลยี,ผู้ดูแลระบบฐานข้อมูล
หลักสูตรวิทยาศาสตรบัณฑิต สาขาวิชาวิทยาการคอมพิวเตอร์,คณะวิทยาศาสตร์และเทคโนโลยี,ผู้จัดการโครงการซอฟต์แวร์
หลักสูตรวิทยาศาสตรบัณฑิต สาขาวิชาวิทยาการคอมพิวเตอร์,คณะวิทยาศาสตร์และเทคโนโลยี,ผู้ประสานงานโครงการซอฟต์แวร์
หลักสูตรวิทยาศาสตรบัณฑิต สาขาวิชาวิทยาการคอมพิวเตอร์,คณะวิทยาศาสตร์และเทคโนโลยี,ผู้ประกอบการทางด้านซอฟต์แวร์
หลักสูตรวิทยาศาสตรบัณฑิต สาขาวิชาวิทยาการคอมพิวเตอร์,คณะวิทยาศาสตร์และเทคโนโลยี,นักพัฒนาเว็บไซต์
หลักสูตรวิทยาศาสตรบัณฑิต สาขาวิชาวิทยาการคอมพิวเตอร์,คณะวิทยาศาสตร์และเทคโนโลยี,นักพัฒนาแอปพลิเคชันบนมือถือ
หลักสูตรวิทยาศาสตรบัณฑิต สาขาวิชาวิทยาการคอมพิวเตอร์,คณะวิทยาศาสตร์และเทคโนโลยี,นักวิทยาการข้อมูล นักวิเคราะห์ข้อมูล
หลักสูตรวิทยาศาสตรบัณฑิต สาขาวิชาวิทยาการคอมพิวเตอร์,คณะวิทยาศาสตร์และเทคโนโลยี,นักวิชาชีพในสถานประกอบการที่มีการใช้วิทยาการคอมพิวเตอร์
หลักสูตรศิลปกรรมศาสตรบัณฑิต สาขาวิชาการบริหารจัดการศิลปะ,คณะศิลปกรรมศาสตร์,ผู้อำนวยการผลิต (Producer)
หลักสูตรศิลปกรรมศาสตรบัณฑิต สาขาวิชาการบริหารจัดการศิลปะ,คณะศิลปกรรมศาสตร์,ผู้อำนวยการบริหาร (Executive Director/Managing Director)
หลักสูตรศิลปกรรมศาสตรบัณฑิต สาขาวิชาการบริหารจัดการศิลปะ,คณะศิลปกรรมศาสตร์,ผู้จัดการงานอีเว้นท์ (Event Organizer)
หลักสูตรศิลปกรรมศาสตรบัณฑิต สาขาวิชาการบริหารจัดการศิลปะ,คณะศิลปกรรมศาสตร์,นักจัดการศิลปะ (Arts Administrator)
หลักสูตรศิลปกรรมศาสตรบัณฑิต สาขาวิชาการบริหารจัดการศิลปะ,คณะศิลปกรรมศาสตร์,ภัณฑารักษ์ (Senior Curator)
หลักสูตรศิลปกรรมศาสตรบัณฑิต สาขาวิชาการบริหารจัดการศิลปะ,คณะศิลปกรรมศาสตร์,นักจัดการศิลปะวัฒนธรรม (Cultural Arts Manager)
หลักสูตรศิลปกรรมศาสตรบัณฑิต สาขาวิชาการบริหารจัดการศิลปะ,คณะศิลปกรรมศาสตร์,ผู้ดูแลการเข้าชม (Admission Attendant)
หลักสูตรศิลปกรรมศาสตรบัณฑิต สาขาวิชาการบริหารจัดการศิลปะ,คณะศิลปกรรมศาสตร์,ผู้ช่วยแกลเลอรี่ (Gallery Assistant)
หลักสูตรศิลปกรรมศาสตรบัณฑิต สาขาวิชาการบริหารจัดการศิลปะ,คณะศิลปกรรมศาสตร์,นักจัดการพิพิธภัณฑ์ (Museum Administrator)
หลักสูตรศิลปกรรมศาสตรบัณฑิต สาขาวิชาการบริหารจัดการศิลปะ,คณะศิลปกรรมศาสตร์,นักจัดการธุรกิจดนตรี (Music Business Manager)
หลักสูตรศิลปกรรมศาสตรบัณฑิต สาขาวิชาการบริหารจัดการศิลปะ,คณะศิลปกรรมศาสตร์,ผู้จัดการหอศิลป์ (Art Gallery Manager)
หลักสูตรศิลปกรรมศาสตรบัณฑิต สาขาวิชาการบริหารจัดการศิลปะ,คณะศิลปกรรมศาสตร์,ผู้จัดการเทศการศิลปะแขนงต่างๆ (Festival Manager)
หลักสูตรศิลปกรรมศาสตรบัณฑิต สาขาวิชาการบริหารจัดการศิลปะ,คณะศิลปกรรมศาสตร์,ผู้จัดการโครงการที่เกี่ยวกับศิลปะ (Arts Project Manager)
หลักสูตรศิลปกรรมศาสตรบัณฑิต สาขาวิชาการบริหารจัดการศิลปะ,คณะศิลปกรรมศาสตร์,ผู้จัดการงานที่เกี่ยวข้องกับการแสดง (Show Manager)
หลักสูตรศิลปกรรมศาสตรบัณฑิต สาขาวิชาการบริหารจัดการศิลปะ,คณะศิลปกรรมศาสตร์,ผู้จัดการกองถ่าย (Production Manager)
หลักสูตรศิลปกรรมศาสตรบัณฑิต สาขาวิชาการบริหารจัดการศิลปะ,คณะศิลปกรรมศาสตร์,ผู้จัดการธุรกิจแฟชั่นและสิ่งทอ (Fashion and Textile Business Manager)
หลักสูตรศิลปกรรมศาสตรบัณฑิต สาขาวิชาการบริหารจัดการศิลปะ,คณะศิลปกรรมศาสตร์,ผู้ผลิตนโยบายศิลปะ (Arts Policy Maker)
หลักสูตรศิลปศาสตรบัณฑิต สาขาวิชาการจัดการมรดกวัฒนธรรมและอุตสาหกรรมสร้างสรรค์,วิทยาลัยนวัตกรรม,พนักงานและผู้ประกอบการด้านมรดกวัฒนธรรม
หลักสูตรศิลปศาสตรบัณฑิต สาขาวิชาการจัดการมรดกวัฒนธรรมและอุตสาหกรรมสร้างสรรค์,วิทยาลัยนวัตกรรม,พนักงานและผู้ประกอบการด้านอุตสาหกรรมสร้างสรรค์
หลักสูตรศิลปศาสตรบัณฑิต สาขาวิชาการจัดการมรดกวัฒนธรรมและอุตสาหกรรมสร้างสรรค์,วิทยาลัยนวัตกรรม,บุคลากรสายวิชาการ และพนักงานสายสนับสนุนด้านการจัดการมรดกวัฒนธรรมและอุตสาหกรรมสร้างสรรค์
หลักสูตรศิลปศาสตรบัณฑิต สาขาวิชาการจัดการมรดกวัฒนธรรมและอุตสาหกรรมสร้างสรรค์,วิทยาลัยนวัตกรรม,นักวิจัยหรือผู้ช่วยนักวิจัยในโครงการขององค์การยูเนสโก และงานด้านวัฒนธรรมอื่น ๆ ที่เกี่ยวข้อง
หลักสูตรศิลปศาสตรบัณฑิต สาขาวิชาการจัดการมรดกวัฒนธรรมและอุตสาหกรรมสร้างสรรค์,วิทยาลัยนวัตกรรม,ภัณฑารักษ์หรือผู้ดูแลพิพิธภัณฑ์
หลักสูตรศิลปศาสตรบัณฑิต สาขาวิชาการจัดการมรดกวัฒนธรรมและอุตสาหกรรมสร้างสรรค์,วิทยาลัยนวัตกรรม,พนักงานองค์กรฝ่ายการตลาดและการประชาสัมพันธ์ทางวัฒนธรรม
หลักสูตรศิลปศาสตรบัณฑิต สาขาวิชาการจัดการมรดกวัฒนธรรมและอุตสาหกรรมสร้างสรรค์,วิทยาลัยนวัตกรรม,พนักงานองค์กรฝ่ายวิเคราะห์และวางแผนโครงการทางวัฒนธรรม
หลักสูตรศิลปศาสตรบัณฑิต สาขาวิชาการจัดการมรดกวัฒนธรรมและอุตสาหกรรมสร้างสรรค์,วิทยาลัยนวัตกรรม,พนักงานองค์กรฝ่ายประสานงานโครงการทางวัฒนธรรมและโครงการอื่น ๆ ที่เกี่ยวข้อง
หลักสูตรศิลปศาสตรบัณฑิต สาขาวิชาการจัดการมรดกวัฒนธรรมและอุตสาหกรรมสร้างสรรค์,วิทยาลัยนวัตกรรม,พนักงานองค์กรด้านการออกแบบสื่อวัฒนธรรมสร้างสรรค์
หลักสูตรศิลปศาสตรบัณฑิต สาขาวิชาการจัดการมรดกวัฒนธรรมและอุตสาหกรรมสร้างสรรค์,วิทยาลัยนวัตกรรม,เจ้าหน้าที่บริษัทผลิตรายการโทรทัศน์และภาพยนตร์และสื่อสมัยใหม่
หลักสูตรศิลปศาสตรบัณฑิต สาขาวิชาการจัดการมรดกวัฒนธรรมและอุตสาหกรรมสร้างสรรค์,วิทยาลัยนวัตกรรม,เจ้าหน้าที่บริษัทรับจัดงานและการแสดงทางวัฒนธรรม (Event)
หลักสูตรศิลปศาสตรบัณฑิต สาขาวิชาการจัดการมรดกวัฒนธรรมและอุตสาหกรรมสร้างสรรค์,วิทยาลัยนวัตกรรม,อาชีพอิสระ เช่น ผู้ผลิตงานสร้างสรรค์ (ภาพยนตร์ เพลง ศิลปะการแสดง ฯลฯ) ผู้ประกอบกิจการสตาร์ทอัป (Startup)
หลักสูตรศิลปศาสตรบัณฑิต สาขาวิชานวัตกรรมการบริการ,วิทยาลัยนวัตกรรม,พนักงานฝ่ายลูกค้าสัมพันธ์ ฝ่ายบริการของโรงแรม สายการบิน และธุรกิจนำเที่ยว
หลักสูตรศิลปศาสตรบัณฑิต สาขาวิชานวัตกรรมการบริการ,วิทยาลัยนวัตกรรม,พนักงานฝ่ายบริการของโรงพยาบาล
หลักสูตรศิลปศาสตรบัณฑิต สาขาวิชานวัตกรรมการบริการ,วิทยาลัยนวัตกรรม,พนักงานฝ่ายบริการของธนาคาร สถาบันการเงิน
หลักสูตรศิลปศาสตรบัณฑิต สาขาวิชานวัตกรรมการบริการ,วิทยาลัยนวัตกรรม,พนักงานฝ่ายการวางแผนการจัดงานอีเวนท์
หลักสูตรศิลปศาสตรบัณฑิต สาขาวิชานวัตกรรมการบริการ,วิทยาลัยนวัตกรรม,เจ้าของธุรกิจที่เกี่ยวข้องกับการบริการ
หลักสูตรศิลปศาสตรบัณฑิต สาขาวิชาสหวิทยาการ,วิทยาลัยสหวิทยาการ,อาจารย์
หลักสูตรศิลปศาสตรบัณฑิต สาขาวิชาสหวิทยาการ,วิทยาลัยสหวิทยาการ,นักวิจัย
หลักสูตรศิลปศาสตรบัณฑิต สาขาวิชาสหวิทยาการ,วิทยาลัยสหวิทยาการ,นักวิชาการศึกษาด้านจีนศึกษา
หลักสูตรศิลปศาสตรบัณฑิต สาขาวิชาสหวิทยาการ,วิทยาลัยสหวิทยาการ,นักวิชาการศึกษาในสถาบันอุดมศึกษา
หลักสูตรศิลปศาสตรบัณฑิต สาขาวิชาสหวิทยาการ,วิทยาลัยสหวิทยาการ,เจ้าหน้าที่วิเคราะห์นโยบายและแผน
หลักสูตรศิลปศาสตรบัณฑิต สาขาวิชาสหวิทยาการ,วิทยาลัยสหวิทยาการ,เจ้าหน้าที่สถานทูตและองค์กรระหว่างประเทศ
หลักสูตรศิลปศาสตรบัณฑิต สาขาวิชาสหวิทยาการ,วิทยาลัยสหวิทยาการ,ล่าม/นักแปล
หลักสูตรศิลปศาสตรบัณฑิต สาขาวิชาสหวิทยาการ,วิทยาลัยสหวิทยาการ,ผู้ประกอบการสินค้าและตลาดไทย-จีน
หลักสูตรศิลปศาสตรบัณฑิต สาขาวิชาสหวิทยาการ,วิทยาลัยสหวิทยาการ,ธุรกิจนำเข้า-ส่งออก
หลักสูตรศิลปศาสตรบัณฑิต สาขาวิชาสหวิทยาการ,วิทยาลัยสหวิทยาการ,ธุรกิจ Start Up
หลักสูตรศิลปศาสตรบัณฑิต สาขาวิชาสหวิทยาการ,วิทยาลัยสหวิทยาการ,เจ้าหน้าที่ในองค์กรพัฒนาเอกชน (NGO)/องค์กรไม่แสวงหาผลกำไร ฯลฯ
หลักสูตรศิลปศาสตรบัณฑิต สาขาวิชาสหวิทยาการ,วิทยาลัยสหวิทยาการ,อาจารย์
หลักสูตรศิลปศาสตรบัณฑิต สาขาวิชาสหวิทยาการ,วิทยาลัยสหวิทยาการ,นักวิจัย
หลักสูตรศิลปศาสตรบัณฑิต สาขาวิชาสหวิทยาการ,วิทยาลัยสหวิทยาการ,นักวิชาการด้านอนุภูมิภาคลุ่มน้ำโขง
หลักสูตรศิลปศาสตรบัณฑิต สาขาวิชาสหวิทยาการ,วิทยาลัยสหวิทยาการ,นักวิชาการศึกษาในสถาบันอุดมศึกษา
หลักสูตรศิลปศาสตรบัณฑิต สาขาวิชาสหวิทยาการ,วิทยาลัยสหวิทยาการ,นักพัฒนาสังคมท้องถิ่น
หลักสูตรศิลปศาสตรบัณฑิต สาขาวิชาสหวิทยาการ,วิทยาลัยสหวิทยาการ,เจ้าหน้าที่วิเคราะห์นโยบายและแผน
หลักสูตรศิลปศาสตรบัณฑิต สาขาวิชาสหวิทยาการ,วิทยาลัยสหวิทยาการ,"เจ้าหน้าที่สถานทูตและองค์กรระหว่างประเทศนักพัฒนาสินค้าและบริการ,ล่าม"
หลักสูตรศิลปศาสตรบัณฑิต สาขาวิชาสหวิทยาการ,วิทยาลัยสหวิทยาการ,ผู้ประกอบการสินค้าและตลาดไทย-อนุภูมิภาคลุ่มน้ำโขง
หลักสูตรศิลปศาสตรบัณฑิต สาขาวิชาสหวิทยาการ,วิทยาลัยสหวิทยาการ,ธุรกิจนำเข้า-ส่งออก
หลักสูตรศิลปศาสตรบัณฑิต สาขาวิชาสหวิทยาการ,วิทยาลัยสหวิทยาการ,ธุรกิจ Start Up
หลักสูตรศิลปศาสตรบัณฑิต สาขาวิชาสหวิทยาการ,วิทยาลัยสหวิทยาการ,ผู้ประกอบการธุรกิจรายย่อย
หลักสูตรศิลปศาสตรบัณฑิต สาขาวิชาสหวิทยาการ,วิทยาลัยสหวิทยาการ,ผู้ประกอบการทางสังคม
หลักสูตรศิลปศาสตรบัณฑิต สาขาวิชาสหวิทยาการ,วิทยาลัยสหวิทยาการ,เจ้าหน้าที่ในองค์กรพัฒนาเอกชน (NGO)
หลักสูตรศิลปศาสตรบัณฑิต สาขาวิชาสหวิทยาการ,วิทยาลัยสหวิทยาการ,เจ้าหน้าที่ประสานงานธุรกิจระหว่างประเทศ
หลักสูตรศิลปศาสตรบัณฑิต สาขาวิชาสหวิทยาการ,วิทยาลัยสหวิทยาการ,เลขานุการ
หลักสูตรศิลปศาสตรบัณฑิต สาขาวิชาสหวิทยาการ,วิทยาลัยสหวิทยาการ,นักพัฒนาการท่องเที่ยว
หลักสูตรศิลปศาสตรบัณฑิต สาขาวิชาสหวิทยาการ,วิทยาลัยสหวิทยาการ,นักส่งเสริมการท่องเที่ยว
หลักสูตรศิลปศาสตรบัณฑิต สาขาวิชาสหวิทยาการ,วิทยาลัยสหวิทยาการ,นักวิชาการท่องเที่ยว
หลักสูตรศิลปศาสตรบัณฑิต สาขาวิชาสหวิทยาการ,วิทยาลัยสหวิทยาการ,ผู้ประกอบการที่พัก
หลักสูตรศิลปศาสตรบัณฑิต สาขาวิชาสหวิทยาการ,วิทยาลัยสหวิทยาการ,ร้านอาหาร
หลักสูตรศิลปศาสตรบัณฑิต สาขาวิชาสหวิทยาการ,วิทยาลัยสหวิทยาการ,ร้านขายของที่ระลึก
หลักสูตรศิลปศาสตรบัณฑิต สาขาวิชาสหวิทยาการ,วิทยาลัยสหวิทยาการ,Blogger สายท่องเที่ยว
หลักสูตรศิลปศาสตรบัณฑิต สาขาวิชาสหวิทยาการ,วิทยาลัยสหวิทยาการ,นักรีวิวสถานที่ท่องเที่ยว
หลักสูตรศิลปศาสตรบัณฑิต สาขาวิชาสหวิทยาการ,วิทยาลัยสหวิทยาการ,ผู้ประกอบการบริษัทนำเที่ยว
หลักสูตรศิลปศาสตรบัณฑิต สาขาวิชาสหวิทยาการ,วิทยาลัยสหวิทยาการ,มัคคุเทศก์ส่วนตัว
หลักสูตรศิลปศาสตรบัณฑิต สาขาวิชาสหวิทยาการ,วิทยาลัยสหวิทยาการ,นักออกแบบและวางแผนการท่องเที่ยว
หลักสูตรศิลปศาสตรบัณฑิต สาขาวิชาสหวิทยาการ,วิทยาลัยสหวิทยาการ,ผู้ประกอบการธุรกิจในอุตสาหกรรมท่องเที่ยว
หลักสูตรศิลปศาสตรบัณฑิต สาขาวิชาสหวิทยาการ,วิทยาลัยสหวิทยาการ,ฝ่ายประสานงานบริษัททัวร์
หลักสูตรศิลปศาสตรบัณฑิต สาขาวิชาสหวิทยาการ,วิทยาลัยสหวิทยาการ,ที่ปรึกษาการด้านท่องเที่ยว
หลักสูตรศิลปศาสตรบัณฑิต สาขาวิชาสหวิทยาการ,วิทยาลัยสหวิทยาการ,ฝ่ายบริการข้อมูลลูกค้าด้านสถานที่ท่องเที่ยว
หลักสูตรศิลปศาสตรบัณฑิต สาขาวิชาสหวิทยาการ,วิทยาลัยสหวิทยาการ,เจ้าหน้าที่ออกแบบโปรแกรมนำเที่ยว
หลักสูตรศิลปศาสตรบัณฑิต สาขาวิชาสหวิทยาการ,วิทยาลัยสหวิทยาการ,ฝ่ายประชาสัมพันธ์
หลักสูตรศิลปศาสตรบัณฑิต สาขาวิชาสหวิทยาการ,วิทยาลัยสหวิทยาการ,พนักงานฝ่ายต้อนรับส่วนหน้า
หลักสูตรศิลปศาสตรบัณฑิต สาขาวิชาสหวิทยาการ,วิทยาลัยสหวิทยาการ,ฝ่ายธุรการ
หลักสูตรศิลปศาสตรบัณฑิต สาขาวิชาสหวิทยาการ,วิทยาลัยสหวิทยาการ,พนักงานบริการบนเรือสำราญ
หลักสูตรศิลปศาสตรบัณฑิต สาขาวิชาสหวิทยาการ,วิทยาลัยสหวิทยาการ,เจ้าหน้าที่ประสานโครงการภาครัฐและเอกชน
หลักสูตรศิลปศาสตรบัณฑิต สาขาวิชาสหวิทยาการ,วิทยาลัยสหวิทยาการ,เจ้าหน้าที่ฝ่ายทำธุรกิจเพื่อสังคม
หลักสูตรศิลปศาสตรบัณฑิต สาขาวิชาสหวิทยาการ,วิทยาลัยสหวิทยาการ,เจ้าหน้าที่ในองค์กรพัฒนาเอกชน (NGO)
หลักสูตรศิลปศาสตรบัณฑิต สาขาวิชาสหวิทยาการ,วิทยาลัยสหวิทยาการ,เจ้าหน้าที่ในองค์กรปกครองส่วนท้องถิ่น
หลักสูตรศิลปศาสตรบัณฑิต สาขาวิชาสหวิทยาการ,วิทยาลัยสหวิทยาการ,เจ้าหน้าที่ฝ่ายบุคคลหรือพัฒนาทรัพยากรมนุษย์
หลักสูตรศิลปศาสตรบัณฑิต สาขาวิชาสหวิทยาการ,วิทยาลัยสหวิทยาการ,เจ้าหน้าที่หอศิลป์และพิพิธภัณฑ์
หลักสูตรศิลปศาสตรบัณฑิต สาขาวิชาสหวิทยาการ,วิทยาลัยสหวิทยาการ,เจ้าหน้าที่ฝึกอบรมและเจ้าหน้าที่กิจกรรมเพื่อสังคม
หลักสูตรศิลปศาสตรบัณฑิต สาขาวิชาสหวิทยาการ,วิทยาลัยสหวิทยาการ,ผู้จัดการในธุรกิจท่องเที่ยวและบริการ
หลักสูตรศิลปศาสตรบัณฑิต สาขาวิชาสหวิทยาการ,วิทยาลัยสหวิทยาการ,ผู้ประกอบการธุรกิจ Start Up
หลักสูตรศิลปศาสตรบัณฑิต สาขาวิชาสหวิทยาการ,วิทยาลัยสหวิทยาการ,ผู้ประกอบการเกี่ยวกับสินค้าในชุมชน
หลักสูตรศิลปศาสตรบัณฑิต สาขาวิชาสหวิทยาการ,วิทยาลัยสหวิทยาการ,ผู้ประกอบการอุตสาหกรรมวัฒนธรรม
หลักสูตรศิลปศาสตรบัณฑิต สาขาวิชาสหวิทยาการ,วิทยาลัยสหวิทยาการ,นักออกแบบนวัตกรรมสังคม (Social Innovation Designer)
หลักสูตรศิลปศาสตรบัณฑิต สาขาวิชาสหวิทยาการ,วิทยาลัยสหวิทยาการ,นักออกแบบผลิตภัณฑ์ (Product Designer)
หลักสูตรศิลปศาสตรบัณฑิต สาขาวิชาสหวิทยาการ,วิทยาลัยสหวิทยาการ,นักออกแบบบริการ (Service Designer)
หลักสูตรศิลปศาสตรบัณฑิต สาขาวิชาสหวิทยาการ,วิทยาลัยสหวิทยาการ,นักออกแบบสื่อสาร (Communication Designer)
หลักสูตรศิลปศาสตรบัณฑิต สาขาวิชาสหวิทยาการ,วิทยาลัยสหวิทยาการ,นักออกแบบเพื่อชุมชน (Community Designer)
หลักสูตรศิลปศาสตรบัณฑิต สาขาวิชาสหวิทยาการ,วิทยาลัยสหวิทยาการ,นักออกแบบประสบการณ์ (Experience Designer)
หลักสูตรศิลปศาสตรบัณฑิต สาขาวิชาสหวิทยาการ,วิทยาลัยสหวิทยาการ,นักจัดการด้านการออกแบบ และนวัตกรรมสังคม (Design and Social Innovation Officer)
หลักสูตรศิลปศาสตรบัณฑิต สาขาวิชาสหวิทยาการ,วิทยาลัยสหวิทยาการ,นักพัฒนาการออกแบบในหน่วยงานภาครัฐ (Design Development Officer in Government Agencies)และนักออกแบบกิจกรรมเพื่อสังคม (Social Activity Designer)
หลักสูตรศิลปศาสตรบัณฑิต สาขาวิชาสหวิทยาการ,วิทยาลัยสหวิทยาการ,ผู้ประกอบการทางสังคมด้านการออกแบบ (Social Entrepreneur in Design)
หลักสูตรศิลปศาสตรบัณฑิต สาขาวิชาสหวิทยาการ,วิทยาลัยสหวิทยาการ,ผู้ประกอบการธุรกิจด้านการออกแบบ (Design Business Entrepreneur)
หลักสูตรศิลปศาสตรบัณฑิต สาขาวิชาสหวิทยาการ,วิทยาลัยสหวิทยาการ,ผู้ประสานงานด้านการออกแบบ (Design Coordinator)
หลักสูตรศิลปศาสตรบัณฑิต สาขาวิชาสหวิทยาการ,วิทยาลัยสหวิทยาการ,นักวิจัย-วิชาการออกแบบผลิตภัณฑ์
หลักสูตรศิลปศาสตรบัณฑิต สาขาวิชาสหวิทยาการ,วิทยาลัยสหวิทยาการ,บุคลากรทางการศึกษาด้านศิลปะออกแบบ
หลักสูตรศิลปศาสตรบัณฑิต สาขาวิชาสหวิทยาการ,วิทยาลัยสหวิทยาการ,นักออกแบบผลิตภัณฑ์หัตถอุตสาหกรรม
หลักสูตรศิลปศาสตรบัณฑิต สาขาวิชาสหวิทยาการ,วิทยาลัยสหวิทยาการ,นักออกแบบผลิตภัณฑ์อุตสาหกรรม
หลักสูตรศิลปศาสตรบัณฑิต สาขาวิชาสหวิทยาการ,วิทยาลัยสหวิทยาการ,นักออกแบบผลิตภัณฑ์เครื่องเรือน
หลักสูตรศิลปศาสตรบัณฑิต สาขาวิชาสหวิทยาการ,วิทยาลัยสหวิทยาการ,นักออกแบบกราฟิก เลขนภัณฑ์บรรจุภัณฑ์
หลักสูตรศิลปศาสตรบัณฑิต สาขาวิชาสหวิทยาการ,วิทยาลัยสหวิทยาการ,นักออกแบบศิลปะและผลิตภัณฑ์เซรามิกส์
หลักสูตรศิลปศาสตรบัณฑิต สาขาวิชาสหวิทยาการ,วิทยาลัยสหวิทยาการ,นักออกแบบนิทรรศการและบริเวณจัดแสดง
หลักสูตรศิลปศาสตรบัณฑิต สาขาวิชาสหวิทยาการ,วิทยาลัยสหวิทยาการ,นักพัฒนาผลิตภัณฑ์ชุมชน-วิสาหกิจชุมชน
หลักสูตรศิลปศาสตรบัณฑิต สาขาวิชาสหวิทยาการ,วิทยาลัยสหวิทยาการ,นักจัดการบริหารงานออกแบบ และนักออกแบบอิสระ
หลักสูตรศิลปศาสตรบัณฑิต สาขาวิชาสหวิทยาการ,วิทยาลัยสหวิทยาการ,ผู้ประกอบการงานออกแบบ
หลักสูตรศิลปศาสตรบัณฑิต สาขาวิชาสหวิทยาการ,วิทยาลัยสหวิทยาการ,อาชีพอื่น ๆ ที่เกี่ยวข้องกับการออกแบบ
หลักสูตรศิลปศาสตรบัณฑิต สาขาวิชาปรัชญา การเมือง และเศรษฐศาสตร์,วิทยาลัยสหวิทยาการ,นักพัฒนาสังคม
หลักสูตรศิลปศาสตรบัณฑิต สาขาวิชาปรัชญา การเมือง และเศรษฐศาสตร์,วิทยาลัยสหวิทยาการ,นักการเมือง
หลักสูตรศิลปศาสตรบัณฑิต สาขาวิชาปรัชญา การเมือง และเศรษฐศาสตร์,วิทยาลัยสหวิทยาการ,ปลัดอำเภอ
หลักสูตรศิลปศาสตรบัณฑิต สาขาวิชาปรัชญา การเมือง และเศรษฐศาสตร์,วิทยาลัยสหวิทยาการ,นักวิชาการศึกษา
หลักสูตรศิลปศาสตรบัณฑิต สาขาวิชาปรัชญา การเมือง และเศรษฐศาสตร์,วิทยาลัยสหวิทยาการ,นักการทูต และเจ้าหน้าที่ในองค์กรระหว่างประเทศ
หลักสูตรศิลปศาสตรบัณฑิต สาขาวิชาปรัชญา การเมือง และเศรษฐศาสตร์,วิทยาลัยสหวิทยาการ,เจ้าหน้าที่บุคคล
หลักสูตรศิลปศาสตรบัณฑิต สาขาวิชาปรัชญา การเมือง และเศรษฐศาสตร์,วิทยาลัยสหวิทยาการ,ผู้สื่อข่าว
หลักสูตรศิลปศาสตรบัณฑิต สาขาวิชาปรัชญา การเมือง และเศรษฐศาสตร์,วิทยาลัยสหวิทยาการ,นักธุรกิจ
หลักสูตรศิลปศาสตรบัณฑิต สาขาวิชาปรัชญา การเมือง และเศรษฐศาสตร์,วิทยาลัยสหวิทยาการ,นักวิชาการและนักวิจัย
หลักสูตรศิลปศาสตรบัณฑิต สาขาวิชาปรัชญา การเมือง และเศรษฐศาสตร์,วิทยาลัยสหวิทยาการ,เจ้าของกิจการและอาชีพอิสระอื่นๆ
หลักสูตรศิลปศาสตรบัณฑิต สาขาวิชาปรัชญา การเมือง และเศรษฐศาสตร์,วิทยาลัยสหวิทยาการ,-นักพัฒนาสังคมหน่วยงานภาครัฐ องค์กรพัฒนาเอกชน และหน่วยงานเอกชน/ธุรกิจ
หลักสูตรศิลปศาสตรบัณฑิต สาขาวิชาปรัชญา การเมือง และเศรษฐศาสตร์,วิทยาลัยสหวิทยาการ,-นักขับเคลื่อนสังคมในองค์กรระหว่างประเทศ
หลักสูตรศิลปศาสตรบัณฑิต สาขาวิชาปรัชญา การเมือง และเศรษฐศาสตร์,วิทยาลัยสหวิทยาการ,-นักการเมืองระดับท้องถิ่น และระดับชาติ
หลักสูตรศิลปศาสตรบัณฑิต สาขาวิชาปรัชญา การเมือง และเศรษฐศาสตร์,วิทยาลัยสหวิทยาการ,-นักพัฒนาทรัพยากรมนุษย์
หลักสูตรศิลปศาสตรบัณฑิต สาขาวิชาปรัชญา การเมือง และเศรษฐศาสตร์,วิทยาลัยสหวิทยาการ,-นักวิเคราะห์ตลาด นักการตลาด
หลักสูตรศิลปศาสตรบัณฑิต สาขาวิชาปรัชญา การเมือง และเศรษฐศาสตร์,วิทยาลัยสหวิทยาการ,-ผู้ประกอบการ
หลักสูตรศิลปศาสตรบัณฑิต สาขาวิชาปรัชญา การเมือง และเศรษฐศาสตร์,วิทยาลัยสหวิทยาการ,-นักเขียน สื่อมวลชน
หลักสูตรศิลปศาสตรบัณฑิต สาขาวิชาปรัชญา การเมือง และเศรษฐศาสตร์,วิทยาลัยสหวิทยาการ,-บุคลากรในสายงานปกครอง เช่น เจ้าหน้าที่วิเคราะห์แผนและนโยบาย ปลัดอำเภอ
หลักสูตรศิลปศาสตรบัณฑิต สาขาวิชาปรัชญา การเมือง และเศรษฐศาสตร์,วิทยาลัยสหวิทยาการ,-บุคลากรในสายงานการระหว่างประเทศ เช่น เจ้าหน้าที่ในกระทรวงการต่างประเทศ
หลักสูตรศิลปศาสตรบัณฑิต สาขาวิชาปรัชญา การเมือง และเศรษฐศาสตร์,วิทยาลัยสหวิทยาการ,-บุคลากรในสายงานวิชาการและบริหารการศึกษา เช่น นักวิจัย อาจารย์ นักวิชาการศึกษา
หลักสูตรศิลปกรรมศาสตรบัณฑิต สาขาวิชาการละคอน,คณะศิลปกรรมศาสตร์,ผู้อำนวยการผลิต (Producer)
หลักสูตรศิลปกรรมศาสตรบัณฑิต สาขาวิชาการละคอน,คณะศิลปกรรมศาสตร์,ผู้อำนวยการบริหาร (Executive Director/Managing Director)
หลักสูตรศิลปกรรมศาสตรบัณฑิต สาขาวิชาการละคอน,คณะศิลปกรรมศาสตร์,ผู้กำกับศิลป์ (Artistic Director)
หลักสูตรศิลปกรรมศาสตรบัณฑิต สาขาวิชาการละคอน,คณะศิลปกรรมศาสตร์,ผู้กำกับการแสดง (Director)
หลักสูตรศิลปกรรมศาสตรบัณฑิต สาขาวิชาการละคอน,คณะศิลปกรรมศาสตร์,ผู้ช่วยผู้กำกับการแสดง (Assistant Director)
หลักสูตรศิลปกรรมศาสตรบัณฑิต สาขาวิชาการละคอน,คณะศิลปกรรมศาสตร์,ผู้เขียนบทละคอน (Playwright)
หลักสูตรศิลปกรรมศาสตรบัณฑิต สาขาวิชาการละคอน,คณะศิลปกรรมศาสตร์,"นักออกแบบกิจกรรมในการใช้ละคอนประยุกต์ (Creative Designer/Facilitator
for Applied Theatre)"
หลักสูตรศิลปกรรมศาสตรบัณฑิต สาขาวิชาการละคอน,คณะศิลปกรรมศาสตร์,นักออกแบบฉากและเวทีสำหรับการแสดง (Set Designer)
หลักสูตรศิลปกรรมศาสตรบัณฑิต สาขาวิชาการละคอน,คณะศิลปกรรมศาสตร์,นักออกแบบเครื่องแต่งกายสำหรับการแสดง (Costume Designer)
หลักสูตรศิลปกรรมศาสตรบัณฑิต สาขาวิชาการละคอน,คณะศิลปกรรมศาสตร์,ศิลปินสร้างสรรค์งานแต่งหน้า (Make up Artsist)
หลักสูตรศิลปกรรมศาสตรบัณฑิต สาขาวิชาการละคอน,คณะศิลปกรรมศาสตร์,ผู้ออกแบบภาพลักษณ์ (Stylist)
หลักสูตรศิลปกรรมศาสตรบัณฑิต สาขาวิชาการละคอน,คณะศิลปกรรมศาสตร์,ผู้จัดการเวที (Stage Manager)
หลักสูตรศิลปกรรมศาสตรบัณฑิต สาขาวิชาการละคอน,คณะศิลปกรรมศาสตร์,ผู้จัดการงานอีเว้นท์ (Event Organizer)
หลักสูตรศิลปกรรมศาสตรบัณฑิต สาขาวิชาการละคอน,คณะศิลปกรรมศาสตร์,นักแสดง (Actor)
หลักสูตรศิลปกรรมศาสตรบัณฑิต สาขาวิชาการละคอน,คณะศิลปกรรมศาสตร์,ผู้ฝึกหัดนักแสดง (Acting Coach)
หลักสูตรศิลปกรรมศาสตรบัณฑิต สาขาวิชาการละคอน,คณะศิลปกรรมศาสตร์,ครู/อาจารย์/ผู้สอนด้านการละคอน (Teacher/Performance Instructor)
หลักสูตรศิลปกรรมศาสตรบัณฑิต สาขาวิชาศิลปะการออกแบบพัสตราภรณ์,คณะศิลปกรรมศาสตร์,นักออกแบบสิ่งทอและแฟชั่น
หลักสูตรศิลปกรรมศาสตรบัณฑิต สาขาวิชาศิลปะการออกแบบพัสตราภรณ์,คณะศิลปกรรมศาสตร์,นักจัดการสินค้าสิ่งทอและแฟชั่น
หลักสูตรศิลปกรรมศาสตรบัณฑิต สาขาวิชาศิลปะการออกแบบพัสตราภรณ์,คณะศิลปกรรมศาสตร์,ผู้ประกอบการในการผลิตและจำหน่ายงานประเภทสิ่งทอและแฟชั่น
หลักสูตรศิลปกรรมศาสตรบัณฑิต สาขาวิชาศิลปะการออกแบบพัสตราภรณ์,คณะศิลปกรรมศาสตร์,นักพัฒนาผลิตภัณฑ์
หลักสูตรศิลปกรรมศาสตรบัณฑิต สาขาวิชาศิลปะการออกแบบพัสตราภรณ์,คณะศิลปกรรมศาสตร์,นักวิชาการทางด้านการออกแบบสิ่งทอและแฟชั่น
หลักสูตรศิลปกรรมศาสตรบัณฑิต สาขาวิชาศิลปะการออกแบบพัสตราภรณ์,คณะศิลปกรรมศาสตร์,ผู้ออกแบบรูปแบบการแต่งกาย (stylist)
หลักสูตรศิลปกรรมศาสตรบัณฑิต สาขาวิชาศิลปะการออกแบบพัสตราภรณ์,คณะศิลปกรรมศาสตร์,นักออกแบบในสาขาที่เกี่ยวข้อง
หลักสูตรวิทยาศาสตรบัณฑิต สาขาวิชาฟิสิกส์อิเล็กทรอนิกส์,คณะวิทยาศาสตร์และเทคโนโลยี,ประกอบอาชีพเป็นนักวิทยาศาสตร์ นักวิจัย นักวิชาการ บุคลากรทางการศึกษา ในหน่วยงานของรัฐ รัฐวิสาหกิจ หรือหน่วยงานด้านอุตสาหกรรมของภาคเอกชน รวมทั้งเป็นผู้ประกอบการทางด้านวิทยาศาสตร์และเทคโนโลยี หรือบุคคลที่มีศักยภาพทางวิชาการด้านฟิสิกส์สำหรับศึกษาต่อในขั้นสูง
ศิลปกรรมศาสตรบัณฑิต สาขาวิชาออกแบบหัตถอุตสาหกรรม,คณะศิลปกรรมศาสตร์,นักออกแบบผลิตภัณฑ์หัตถอุตสาหกรรม
ศิลปกรรมศาสตรบัณฑิต สาขาวิชาออกแบบหัตถอุตสาหกรรม,คณะศิลปกรรมศาสตร์,นักออกแบบผลิตภัณฑ์อุตสาหกรรม
ศิลปกรรมศาสตรบัณฑิต สาขาวิชาออกแบบหัตถอุตสาหกรรม,คณะศิลปกรรมศาสตร์,นักออกแบบผลิตภัณฑ์เครื่องเรือน
ศิลปกรรมศาสตรบัณฑิต สาขาวิชาออกแบบหัตถอุตสาหกรรม,คณะศิลปกรรมศาสตร์,นักออกแบบกราฟฟิก เลขนภัณฑ์ บรรจุภัณฑ์
ศิลปกรรมศาสตรบัณฑิต สาขาวิชาออกแบบหัตถอุตสาหกรรม,คณะศิลปกรรมศาสตร์,นักออกแบบศิลปะและผลิตภัณฑ์เซรามิกส์
ศิลปกรรมศาสตรบัณฑิต สาขาวิชาออกแบบหัตถอุตสาหกรรม,คณะศิลปกรรมศาสตร์,นักออกแบบนิทรรศการและบริเวณจัดแสดง
ศิลปกรรมศาสตรบัณฑิต สาขาวิชาออกแบบหัตถอุตสาหกรรม,คณะศิลปกรรมศาสตร์,นักพัฒนาผลิตภัณฑ์ชุมชน-วิสาหกิจชุมชน
ศิลปกรรมศาสตรบัณฑิต สาขาวิชาออกแบบหัตถอุตสาหกรรม,คณะศิลปกรรมศาสตร์,นักจัดการงานออกแบบ
ศิลปกรรมศาสตรบัณฑิต สาขาวิชาออกแบบหัตถอุตสาหกรรม,คณะศิลปกรรมศาสตร์,นักออกแบบอิสระ ผู้ประกอบการงานออกแบบ
หลักสูตรรัฐศาสตรบัณฑิต,คณะรัฐศาสตร์,นักการเมือง หน่วยงานราชการ ปลัดอำเภอ นักพัฒนาชุมชน นักปกครอง
หลักสูตรรัฐศาสตรบัณฑิต,คณะรัฐศาสตร์,นักวิชาการศึกษา
หลักสูตรรัฐศาสตรบัณฑิต,คณะรัฐศาสตร์,นักการทูต องค์กรระหว่างประเทศ และหน่วยงานระหว่างประเทศต่าง ๆ
หลักสูตรรัฐศาสตรบัณฑิต,คณะรัฐศาสตร์,นักบริหารงานทั่วไป เจ้าหน้าที่บุคคล นักธุรกิจ ผู้จัดการทั่วไป ผู้สื่อข่าว
"หลักสูตรวารสารศาสตรบัณฑิต สาขาวิชาสื่อศึกษา
(หลักสูตรนานาชาติ)",คณะวารสารศาสตร์และสื่อสารมวลชน,"นักวารสารศาสตร์ (ผู้สื่อข่าว, นักเขียน,นักวิจารณ์, นักวิเคราะห์, นักสร้างสรรค์เนื้อหา)"
"หลักสูตรวารสารศาสตรบัณฑิต สาขาวิชาสื่อศึกษา
(หลักสูตรนานาชาติ)",คณะวารสารศาสตร์และสื่อสารมวลชน,บรรณาธิการและกองบรรณาธิการข่าว
"หลักสูตรวารสารศาสตรบัณฑิต สาขาวิชาสื่อศึกษา
(หลักสูตรนานาชาติ)",คณะวารสารศาสตร์และสื่อสารมวลชน,ผู้ผลิตสื่อ ผู้ประกอบการสื่อ
"หลักสูตรวารสารศาสตรบัณฑิต สาขาวิชาสื่อศึกษา
(หลักสูตรนานาชาติ)",คณะวารสารศาสตร์และสื่อสารมวลชน,"นักการสื่อสารที่สามารถทำงานให้องค์กรต่างๆ เช่น องค์กรภาครัฐ ภาคเอกเชน
NGO และ องค์กรระหว่างประเทศ"
หลักสูตรวารสารศาสตรบัณฑิต,คณะวารสารศาสตร์และสื่อสารมวลชน,นักข่าว นักเขียน นักวิจารณ์ นักสร้างสรรค์เนื้อหา
หลักสูตรวารสารศาสตรบัณฑิต,คณะวารสารศาสตร์และสื่อสารมวลชน,งานบรรณาธิการ การพิมพ์ และการออกแบบสิ่งพิมพ์
หลักสูตรวารสารศาสตรบัณฑิต,คณะวารสารศาสตร์และสื่อสารมวลชน,ผู้ผลิตรายการ ผู้ผลิตเนื้อหาสำหรับสื่อวิทยุ โทรทัศน์ดิจิทัล และสตรีมมิ่ง
หลักสูตรวารสารศาสตรบัณฑิต,คณะวารสารศาสตร์และสื่อสารมวลชน,เจ้าหน้าที่ด้านสื่อสารในองค์กรของรัฐและเอกชน
หลักสูตรวารสารศาสตรบัณฑิต,คณะวารสารศาสตร์และสื่อสารมวลชน,เจ้าของธุรกิจที่เกี่ยวข้องกับสื่อขนาดเล็กและผู้ประกอบการสังคมด้านงานสื่อและการสื่อสาร
หลักสูตรวารสารศาสตรบัณฑิต,คณะวารสารศาสตร์และสื่อสารมวลชน,นักโฆษณา และนักสื่อสารการตลาด
หลักสูตรวารสารศาสตรบัณฑิต,คณะวารสารศาสตร์และสื่อสารมวลชน,นักวิจัยโฆษณา
หลักสูตรวารสารศาสตรบัณฑิต,คณะวารสารศาสตร์และสื่อสารมวลชน,นักบริหารตราสินค้า นักออกแบบ และผลิตงานโฆษณา
หลักสูตรวารสารศาสตรบัณฑิต,คณะวารสารศาสตร์และสื่อสารมวลชน,นักวางแผนกิจกรรมพิเศษทางการตลาด
หลักสูตรวารสารศาสตรบัณฑิต,คณะวารสารศาสตร์และสื่อสารมวลชน,ช่างภาพ
หลักสูตรวารสารศาสตรบัณฑิต,คณะวารสารศาสตร์และสื่อสารมวลชน,ผู้กำกับภาพยนตร์ ผู้ช่วยผู้กำกับภาพยนตร์ ประสานงานกองถ่ายภาพยนตร์
หลักสูตรศิลปศาสตรบัณฑิต สาขาวิชาวิทยาการเรียนรู้,คณะวิทยาการเรียนรู้และศึกษาศาสตร์,นวัตกรและผู้ประกอบการสังคม
หลักสูตรศิลปศาสตรบัณฑิต สาขาวิชาวิทยาการเรียนรู้,คณะวิทยาการเรียนรู้และศึกษาศาสตร์,กระบวนกรหรือวิทยากรกระบวนการ
หลักสูตรศิลปศาสตรบัณฑิต สาขาวิชาวิทยาการเรียนรู้,คณะวิทยาการเรียนรู้และศึกษาศาสตร์,นักเทคโนโลยีการศึกษาและการเรียนรู้
หลักสูตรศิลปศาสตรบัณฑิต สาขาวิชาวิทยาการเรียนรู้,คณะวิทยาการเรียนรู้และศึกษาศาสตร์,นักออกแบบสื่อการเรียนการสอน
หลักสูตรศิลปศาสตรบัณฑิต สาขาวิชาวิทยาการเรียนรู้,คณะวิทยาการเรียนรู้และศึกษาศาสตร์,นักออกแบบและจัดการเรียนรู้
หลักสูตรศิลปศาสตรบัณฑิต สาขาวิชาวิทยาการเรียนรู้,คณะวิทยาการเรียนรู้และศึกษาศาสตร์,นักวิจัยด้านการเรียนรู้และการศึกษา
หลักสูตรศิลปศาสตรบัณฑิต สาขาวิชาวิทยาการเรียนรู้,คณะวิทยาการเรียนรู้และศึกษาศาสตร์,นักสื่อสารและประสานองค์ความรู้
หลักสูตรสังคมสงเคราะห์ศาสตรบัณฑิต,คณะสังคมสงเคราะห์ศาสตร์,นักสังคมสงเคราะห์วิชาชีพ
หลักสูตรสังคมสงเคราะห์ศาสตรบัณฑิต,คณะสังคมสงเคราะห์ศาสตร์,นักจัดการรายกรณี
หลักสูตรสังคมสงเคราะห์ศาสตรบัณฑิต,คณะสังคมสงเคราะห์ศาสตร์,นักพัฒนาสังคม
หลักสูตรสังคมสงเคราะห์ศาสตรบัณฑิต,คณะสังคมสงเคราะห์ศาสตร์,นักสวัสดิการสังคม
หลักสูตรสังคมสงเคราะห์ศาสตรบัณฑิต,คณะสังคมสงเคราะห์ศาสตร์,นักพัฒนาชุมชน
หลักสูตรสังคมสงเคราะห์ศาสตรบัณฑิต,คณะสังคมสงเคราะห์ศาสตร์,นักทัณฑวิทยา
หลักสูตรสังคมสงเคราะห์ศาสตรบัณฑิต,คณะสังคมสงเคราะห์ศาสตร์,พนักงานคุมประพฤติ
หลักสูตรสังคมสงเคราะห์ศาสตรบัณฑิต,คณะสังคมสงเคราะห์ศาสตร์,พนักงานไกล่เกลี่ยข้อพิพาท
หลักสูตรสังคมสงเคราะห์ศาสตรบัณฑิต,คณะสังคมสงเคราะห์ศาสตร์,พนักงานคุ้มครองสิทธิ
หลักสูตรสังคมสงเคราะห์ศาสตรบัณฑิต,คณะสังคมสงเคราะห์ศาสตร์,เจ้าหน้าที่พัฒนาทรัพยากรมนุษย์
หลักสูตรสังคมสงเคราะห์ศาสตรบัณฑิต,คณะสังคมสงเคราะห์ศาสตร์,นักวิเคราะห์นโยบายและแผน
หลักสูตรสังคมสงเคราะห์ศาสตรบัณฑิต,คณะสังคมสงเคราะห์ศาสตร์,นักวิชาการ
หลักสูตรสังคมสงเคราะห์ศาสตรบัณฑิต,คณะสังคมสงเคราะห์ศาสตร์,นักวิจัย
หลักสูตรสังคมสงเคราะห์ศาสตรบัณฑิต,คณะสังคมสงเคราะห์ศาสตร์,เจ้าหน้าที่บริหารงานทั่วไป
หลักสูตรสังคมสงเคราะห์ศาสตรบัณฑิต,คณะสังคมสงเคราะห์ศาสตร์,ผู้ประสานงานโครงการ
หลักสูตรสังคมสงเคราะห์ศาสตรบัณฑิต,คณะสังคมสงเคราะห์ศาสตร์,ผู้ประกอบการทางสังคม
หลักสูตรสังคมสงเคราะห์ศาสตรบัณฑิต,คณะสังคมสงเคราะห์ศาสตร์,นักจัดการความรู้
หลักสูตรสังคมสงเคราะห์ศาสตรบัณฑิต,คณะสังคมสงเคราะห์ศาสตร์,อื่น ๆ
หลักสูตรสังคมสงเคราะห์ศาสตรบัณฑิต,คณะสังคมสงเคราะห์ศาสตร์,นักสังคมสงเคราะห์วิชาชีพ
หลักสูตรสังคมสงเคราะห์ศาสตรบัณฑิต,คณะสังคมสงเคราะห์ศาสตร์,นักจัดการรายกรณี
หลักสูตรสังคมสงเคราะห์ศาสตรบัณฑิต,คณะสังคมสงเคราะห์ศาสตร์,นักพัฒนาสังคม
หลักสูตรสังคมสงเคราะห์ศาสตรบัณฑิต,คณะสังคมสงเคราะห์ศาสตร์,นักสวัสดิการสังคม
หลักสูตรสังคมสงเคราะห์ศาสตรบัณฑิต,คณะสังคมสงเคราะห์ศาสตร์,นักพัฒนาชุมชน
หลักสูตรสังคมสงเคราะห์ศาสตรบัณฑิต,คณะสังคมสงเคราะห์ศาสตร์,นักทัณฑวิทยา
หลักสูตรสังคมสงเคราะห์ศาสตรบัณฑิต,คณะสังคมสงเคราะห์ศาสตร์,พนักงานคุมประพฤติ
หลักสูตรสังคมสงเคราะห์ศาสตรบัณฑิต,คณะสังคมสงเคราะห์ศาสตร์,พนักงานไกล่เกลี่ยข้อพิพาท
หลักสูตรสังคมสงเคราะห์ศาสตรบัณฑิต,คณะสังคมสงเคราะห์ศาสตร์,พนักงานคุ้มครองสิทธิ
หลักสูตรสังคมสงเคราะห์ศาสตรบัณฑิต,คณะสังคมสงเคราะห์ศาสตร์,เจ้าหน้าที่พัฒนาทรัพยากรมนุษย์
หลักสูตรสังคมสงเคราะห์ศาสตรบัณฑิต,คณะสังคมสงเคราะห์ศาสตร์,นักวิเคราะห์นโยบายและแผน
หลักสูตรสังคมสงเคราะห์ศาสตรบัณฑิต,คณะสังคมสงเคราะห์ศาสตร์,นักวิชาการ
หลักสูตรสังคมสงเคราะห์ศาสตรบัณฑิต,คณะสังคมสงเคราะห์ศาสตร์,นักวิจัย
หลักสูตรสังคมสงเคราะห์ศาสตรบัณฑิต,คณะสังคมสงเคราะห์ศาสตร์,เจ้าหน้าที่บริหารงานทั่วไป
หลักสูตรสังคมสงเคราะห์ศาสตรบัณฑิต,คณะสังคมสงเคราะห์ศาสตร์,ผู้ประสานงานโครงการ
หลักสูตรสังคมสงเคราะห์ศาสตรบัณฑิต,คณะสังคมสงเคราะห์ศาสตร์,ผู้ประกอบการทางสังคม
หลักสูตรสังคมสงเคราะห์ศาสตรบัณฑิต,คณะสังคมสงเคราะห์ศาสตร์,นักจัดการความรู้
หลักสูตรสังคมสงเคราะห์ศาสตรบัณฑิต,คณะสังคมสงเคราะห์ศาสตร์,อื่น ๆ
หลักสูตรวิทยาศาสตรบัณฑิต สาขาวิชาวัสดุศาสตร์,คณะวิทยาศาสตร์และเทคโนโลยี,นักวิทยาศาสตร์
หลักสูตรวิทยาศาสตรบัณฑิต สาขาวิชาวัสดุศาสตร์,คณะวิทยาศาสตร์และเทคโนโลยี,นักวิจัย
หลักสูตรวิทยาศาสตรบัณฑิต สาขาวิชาวัสดุศาสตร์,คณะวิทยาศาสตร์และเทคโนโลยี,นักวิชาการ
หลักสูตรวิทยาศาสตรบัณฑิต สาขาวิชาวัสดุศาสตร์,คณะวิทยาศาสตร์และเทคโนโลยี,พนักงานราชการ หรือรัฐวิสาหกิจ
หลักสูตรวิทยาศาสตรบัณฑิต สาขาวิชาวัสดุศาสตร์,คณะวิทยาศาสตร์และเทคโนโลยี,ผู้ประกอบการ หรือลูกจ้างในหน่วยงานอุตสาหกรรมของภาคเอกชน
หลักสูตรวิทยาศาสตรบัณฑิต สาขาวิชาวัสดุศาสตร์,คณะวิทยาศาสตร์และเทคโนโลยี,อาชีพอิสระ
