curr_id,PLO_Type,PLO_detail
25400051100369,Knowledge,"มีความรู้และความเข้าใจองค์ความรู้ทางสังคมวิทยาและมานุษยวิทยาที่เป็นสากล เพื่อเป็น
เครื่องมือพื้นฐานในการทำความเข้าใจปรากฏการณ์ทางสังคมวัฒนธรรม ทั้งของสังคมที่ตนเองสังกัดและ
ของสังคมอื่น"
25400051100369,Knowledge,"สามารถนำแนวคิดทฤษฎี อธิบาย วิพากษ์ และวิจารณ์ ปรากฏการณ์ทางสังคมซึ่งมีความ
เคลื่อนไหวเปลี่ยนแปลงอยู่เสมอ"
25400051100369,Knowledge,"สามารถประยุกต์ใช้และต่อยอดความรู้ เพื่อเป็นประโยชน์ในการดำรงชีพ และการ
ประกอบอาชีพ"
25400051100369,Skills,"สามารถคิดวิเคราะห์ปรากฏการณ์ทั้งในระดับปัจเจกและสังคมได้อย่างเป็นระบบและ
สร้างสรรค์"
25400051100369,Skills,"สามารถมองเห็นความเชื่อมโยงของปัจจัยต่างๆ ที่มีความเกี่ยวข้องกับมนุษย์และสังคม
และมีความสามารถในการค้นคว้า รวบรวม วิเคราะห์ และนำเสนอข้อมูลการวิจัย"
25400051100369,Skills,"สามารถเสนอความคิด อธิบายปรากฏการณ์ทางสังคม และวิพากษ์ วิจารณ์ได้อย่างชัดเจน
และมีเหตุผล เพื่อเป็นแนวทางในการแก้ไขปัญหาและพัฒนาสังคมอย่างยั่งยืน"
25400051100369,Ethics,มีความรับผิดชอบต่อตนเองและสังคม
25400051100369,Ethics,เคารพในคุณค่าและศักดิ์ศรีของความเป็นมนุษย์
25400051100369,Ethics,"พยายามทำความเข้าใจและมีความอดกลั้นในความแตกต่างของความเชื่อ ความคิดและ
วัฒนธรรมอันหลากหลายทั้งที่อยู่รอบตน สังคมอื่นรอบข้าง และสังคมวัฒนธรรมอื่นซึ่งอยู่ห่างออกไป"
25510051108732,Knowledge,มีความรู้ ความเข้าใจแนวคิด ทฤษฎีเศรษฐศาสตร์ เครื่องมือพื้นฐานทางเศรษฐศาสตร์ พัฒนาการของทฤษฎี และเศรษฐศาสตร์ประยุกต์
25510051108732,Knowledge,สามารถนำความรู้ทางทฤษฎี มาวิเคราะห์ปัญหาเศรษฐกิจและสังคม และสามารถให้ข้อเสนอแนะที่เป็นประโยชน์ต่อสาธารณะได้
25510051108732,Knowledge,สามารถบูรณาการความรู้สาขาเศรษฐศาสตร์ กับศาสตร์สาขาอื่นๆ ได้อย่างเหมาะสม
25510051108732,Knowledge,มีความสามารถในการแสวงหาความรู้ตลอดชีวิต รวมทั้งความเข้าใจอย่างเท่าทันในสถานการณ์ การเปลี่ยนแปลง และผลกระทบทางเศรษฐกิจและสังคมโลก
25510051108732,Skills,มีทักษะทางปัญญา สามารถคิด วิเคราะห์ได้อย่างเป็นระบบ เป็นเหตุเป็นผล สามารถกำหนดประเด็นการศึกษา สืบค้น รวบรวมและประมวลข้อมูล
25510051108732,Skills,มีทักษะในการวิเคราะห์ สังเคราะห์ แปลความหมาย และสรุปประเด็นจากแหล่งข้อมูลที่หลากหลาย นำมาวิเคราะห์ และบูรณาการความรู้เพื่อเสนอแนะแนวทางแก้ไขปัญหาทางเศรษฐกิจและสังคมได้อย่างเหมาะสม มีทักษะในการสื่อสาร
25510051108732,Skills,มีทักษะในการวิเคราะห์เชิงตัวเลข และการใช้เทคโนโลยีเพื่อการศึกษาวิจัย
25510051108732,Ethics,มีความตระหนักในคุณค่าและคุณธรรม จริยธรรม มีความเป็นธรรม เสียสละ มีจิตอาสา และซื่อสัตย์สุจริต
25510051108732,Ethics,มีวินัย และมีความรับผิดต่อตนเองและสังคมและมีความเป็นพลเมืองที่ดี
25510051108732,Ethics,เคารพสิทธิ์และรับฟังความคิดเห็นผู้อื่น รวมทั้งเคารพในคุณค่าและศักดิ์ศรีของความเป็นมนุษย์ เคารพและปฏิบัติตนตามกฎ ระเบียบและข้อบังคับขององค์กรและสังคม
25510051108732,Ethics,มีจริยธรรมและจรรยาบรรณในวิชาชีพ
2509051100496,Knowledge,K 1 ปฏิบัติวิชาชีพออกแบบภายใต้ขอบเขตวิชาชีพสถาปัตยกรรมภายในได้
2509051100496,Knowledge,"K 2 สามารถนำวิธีการด้านกระบวนการออกแบบ มาสร้างสรรค์ร่วมกับทีมงาน, เพื่อแก้ไขปัญหาและพัฒนาขอบเขตงานออกแบบ"
2509051100496,Knowledge,K 3 ความรู้ด้านโครงสร้างและสร้างสรรค์ สามารถประยุกต์การออกแบบและสร้างสรรค์ องค์ความรู้ในการออกแบบเชิง Sustainable design
2509051100496,Skills,S 1 มีทักษะด้านการสื่อสารและนำเสนอผลงาน
2509051100496,Skills,S 2 มีทักษะกระบวนการคิดเชิง Critical thinking Creative Collaborative Communicative
2509051100496,Skills,S 3 มีทักษะการแก้ไขปัญหา Problem solving skill
2509051100496,Ethics,E 1 มีความรับผิดชอบต่อวิชาชีพ และเคารพใน
2509051100496,Ethics,E 2 มีจรรยาบรรณวิชาชีพ
2509051100496,Ethics,E 3 ซื่อสัตย์
25520051102668,Knowledge,ผู้เรียนสามารถอธิบายหลักการสื่อสารข้ามวัฒนธรรม ความหลากหลายทางวัฒนธรรม และความท้าทายของสังคมพหุวัฒนธรรม
25520051102668,Knowledge,ผู้เรียนสามารถวิเคราะห์ประเด็นสำคัญในโลกร่วมสมัยผ่านมุมมองที่หลากหลาย
25520051102668,Knowledge,ผู้เรียนสามารถอธิบายแนวคิดและทฤษฎีด้านบรรณารักษศาสตร์และสารสนเทศศาสตร์
25520051102668,Knowledge,ผู้เรียนสามารถประยุกต์แนวคิดและหลักการเพื่อการจัดการทรัพยากรสารสนเทศ
25520051102668,Skills,ผู้เรียนสามารถสื่อสารภาษาไทยได้อย่างมีประสิทธิภาพ
25520051102668,Skills,ผู้เรียนสามารถสื่อสารภาษาอังกฤษได้อย่างมีประสิทธิภาพ
25520051102668,Skills,ผู้เรียนสามารถประเมินค่าข้อมูลและสื่อได้อย่างมีวิจารณญาณ
25520051102668,Skills,ผู้เรียนสามารถประยุกต์ใช้เทคโนโลยีสารสนเทศเพื่อการจัดการสารสนเทศ
25520051102668,Skills,ผู้เรียนสามารถวิเคราะห์และนำเสนอการบริการสารสนเทศที่เหมาะสมต่อความต้องการของผู้ใช้สารสนเทศ
25520051102668,Skills,ผู้เรียนสามารถประยุกต์ทักษะการวิจัยเพื่อการดำเนินงานในด้านบรรณารักษศาสตร์และสารสนเทศศาสตร์
25520051102668,Ethics,ผู้เรียนมีความรับผิดชอบ เคารพระเบียบ และมีคุณธรรมจริยธรรม
25520051102668,Ethics,ผู้เรียนตระหนักรู้คุณธรรม และจรรยาบรรณบรรณารักษ์และนักสารสนเทศ
25520051102668,Character,ผู้เรียนยอมรับคุณค่าในความหลากหลายของมนุษย์ซึ่งเป็นผลมาจากความแตกต่างทางด้านภูมิศาสตร์ เชื้อชาติ วัฒนธรรม เพศ และชนชั้น
25520051102668,Character,ผู้เรียนมีทักษะการเรียนรู้ตลอดชีวิตและมุ่งมั่นที่จะพัฒนาตนเอง
25520051102668,Character,ผู้เรียนมีทักษะในการบริหารจัดการอารมณ์ ทำงานร่วมกันผู้อื่น และปรับตัวเข้ากับวัฒนธรรมการทำงานที่หลากหลาย
25510051100351,Knowledge,"มีความรู้ ความเข้าใจองค์ความรู้ต่างๆ ที่เกี่ยวข้องกับการวิจัยสังคม ทั้งในส่วนของปรัชญาการ
วิจัย เครื่องมือและระเบียบวิธีวิจัยทางสังคมในรูปแบบต่างๆ รวมไปถึง แนวคิด ทฤษฎีทางสังคมวิทยาและ
มานุษยวิทยาที่เกี่ยวข้อง"
25510051100351,Knowledge,"สามารถนำองค์ความรู้ด้านการวิจัย เครื่องมือและระเบียบวิจัยทางสังคม รวมถึงแนวคิดทาง
สังคมวิทยาและมานุษยวิทยาไปปรับประยุกต์ใช้เพื่อทำความเข้าใจ อธิบาย วิเคราะห์ วิพากษ์ และวิจารณ์
ปรากฏการณ์ทางสังคมต่างๆ ที่มีความเคลื่อนไหวเปลี่ยนแปลงอยู่เสมอ"
25510051100351,Knowledge,"สามารถนำองค์ความรู้จากสาขาวิชาวิจัยทางสังคมไปประยุกต์ใช้และต่อยอดความรู้เพื่อศึกษา
ต่อระดับสูง หรือ ประกอบอาชีพทั้งในหน่วยงานภาครัฐและเอกชนได้อย่างมีประสิทธิภาพ"
25510051100351,Skills,"สามารถประยุกต์ใช้ทักษะทางการวิจัยทางสังคมในการตั้งคำถาม ค้นคว้า รวบรวม และ
วิเคราะห์ข้อมูลเพื่อทำความเข้าใจปรากฏการณ์ต่างๆ ที่เกิดขึ้นทั้งในระดับปัจเจกและระดับสังคมได้อย่างเป็น
ระบบและสร้างสรรค์"
25510051100351,Skills,"สามารถสะท้อนให้เห็นความเชื่อมโยงและความซับซ้อนของปัจจัยต่างๆ ที่มีความเกี่ยวข้องกับ
มนุษย์และสังคมได้อย่างลึกซึ้ง"
25510051100351,Skills,"สามารถนำข้อมูลและผลจากการวิจัย ไปประยุกต์ใช้เพื่ออธิบายปรากฏการณ์ทางสังคม และ
วิพากษ์วิจารณ์ได้อย่างชัดเจน เป็นระบบ และมีเหตุผล เพื่อค้นหาแนวทางในการแก้ไขปัญหาและพัฒนา
สังคมอย่างยั่งยืน"
25510051100351,Ethics,มีความรับผิดชอบในการวิจัย คำนึงถึงความรับผิดชอบทั้งต่อตนเองและผู้อื่น
25510051100351,Ethics,เคารพในคุณค่าและศักดิ์ศรีของความเป็นมนุษย์
25510051100351,Ethics,"พยายามทำความเข้าใจและมีความอดกลั้นในความแตกต่างของความเชื่อ ความคิดและ
วัฒนธรรมอันหลากหลายทั้งที่อยู่รอบตน สังคมอื่นรอบข้าง และสังคมวัฒนธรรมอื่นซึ่งอยู่ห่างออกไป"
25400051100191,Knowledge,มีความรู้ ความเข้าใจแนวคิด ทฤษฎีเศรษฐศาสตร์ เครื่องมือพื้นฐานทางเศรษฐศาสตร์ พัฒนาการของทฤษฎี และเศรษฐศาสตร์ประยุกต์
25400051100191,Knowledge,สามารถนำความรู้ทางทฤษฎี มาวิเคราะห์ปัญหาเศรษฐกิจและสังคม และสามารถให้ ข้อเสนอแนะที่เป็นประโยชน์ต่อสาธารณะได้
25400051100191,Knowledge,สามารถบูรณาการความรู้สาขาเศรษฐศาสตร์ กับศาสตร์สาขาอื่นๆ ได้อย่างเหมาะสม
25400051100191,Knowledge,มีความสามารถในการแสวงหาความรู้ตลอดชีวิต รวมทั้งความเข้าใจอย่างเท่าทันใน สถานการณ์ การเปลี่ยนแปลง และผลกระทบทางเศรษฐกิจและสังคมโลก
25400051100191,Skills,มีทักษะทางปัญญา สามารถคิด วิเคราะห์ได้อย่างเป็นระบบ เป็นเหตุเป็นผล สามารถ กำหนดประเด็นการศึกษา สืบค้น รวบรวมและประมวลข้อมูล
25400051100191,Skills,มีทักษะในการวิเคราะห์ สังเคราะห์ แปลความหมาย และสรุปประเด็นจากแหล่งข้อมูลที่ หลากหลาย นำมาวิเคราะห์ และบูรณาการความรู้เพื่อเสนอแนะแนวทางแก้ไขปัญหาทาง เศรษฐกิจและสังคมได้อย่างเหมาะสม มีทักษะในการสื่อสาร
25400051100191,Skills,มีทักษะในการวิเคราะห์เชิงตัวเลข และการใช้เทคโนโลยีเพื่อการศึกษาวิจัย
25400051100191,Ethics,มีความตระหนักในคุณค่าและคุณธรรม จริยธรรม มีความเป็นธรรม เสียสละ มีจิตอาสา และซื่อสัตย์สุจริต
25400051100191,Ethics,มีวินัย และมีความรับผิดต่อตนเองและสังคมและมีความเป็นพลเมืองที่ดี
25400051100191,Ethics,เคารพสิทธิ์และรับฟังความคิดเห็นผู้อื่น รวมทั้งเคารพในคุณค่าและศักดิ์ศรีของความเป็น มนุษย์ เคารพและปฏิบัติตนตามกฎ ระเบียบและข้อบังคับขององค์กรและสังคม
25400051100191,Ethics,มีจริยธรรมและจรรยาบรรณในวิชาชีพ
25520051102681,Knowledge,ใช้ความรู้ภาษาอังกฤษด้านภาษาศาสตร์ วรรณคดี การแปลและล่าม และทักษะการฟัง พูด อ่าน เขียน ในการสื่อสารและประกอบอาชีพ
25520051102681,Skills,สื่อสารภาษาไทยได้อย่างมีประสิทธิภาพ
25520051102681,Skills,สื่อสารภาษาอังกฤษได้อย่างมีประสิทธิภาพ
25520051102681,Skills,ใช้เทคโนโลยีและสื่อดิจิทัลเพื่อส่งเสริมการใช้ภาษาได้อย่างมีประสิทธิภาพ
25520051102681,Skills,มีทักษะในการปรับตัวและจัดการกับการเปลี่ยนแปลงของสถานการณ์รอบตัว (resilience)
25520051102681,Ethics,ปฏิบัติตนให้อยู่ในจริยธรรมและคุณธรรม
25470051100479,Knowledge,สามารถสร้างสรรค์งานวางผังบริเวณและออกแบบภูมิสถาปัตยกรรม อย่างเข้าใจในมนุษย์ สังคมสิ่งแวดล้อม เพื่อการพัฒนาที่ยั่งยืน ลดความเหลื่อมล้ำของสังคม และใช้ทรัพยากรอย่างคุ้มค่าและเท่าเทียม
25470051100479,Knowledge,สามารถวิเคราะห์แผนนโยบาย การวางผังและการออกแบบภูมิสถาปัตยกรรม
25470051100479,Skills,สามารถใช้ทักษะทางดิจิทัลและเทคโนโลยี เพื่อการออกแบบและการค้นคว้าข้อมูล
25470051100479,Skills,สามารถประสานความร่วมมือและแสดงออกถึงความเป็นผู้ประกอบการ
25470051100479,Skills,สามารถสื่อสารกับผู้ร่วมงานและนักวิชาชีพที่เกี่ยวข้อง รวมถึงสามารถนำเสนองานและเจรจาต่อรองเชิงธุรกิจ
25470051100479,Ethics,มีความรับผิดชอบต่อจรรยาบรรณวิชาชีพ มีมารยาทในการทำงาน และมีจิตสาธารณะ
25520051102679,Knowledge,ผู้เรียนสามารถอธิบายลักษณะและพัฒนาการของภาษาและวรรณกรรมไทยได้
25520051102679,Knowledge,ผู้เรียนสามารถอธิบายหลักการ แนวคิด หรือทฤษฎีทางภาษาและวรรณกรรมไทยได้
25520051102679,Skills,ผู้เรียนสามารถสื่อสารภาษาไทยได้อย่างมีประสิทธิภาพ
25520051102679,Skills,ผู้เรียนสามารถสื่อสารภาษาอังกฤษได้อย่างมีประสิทธิภาพ
25520051102679,Skills,ผู้เรียนสามารถใช้เทคโนโลยีเพื่อการสื่อสารและสืบค้นข้อมูลได้ตามวัตถุประสงค์
25520051102679,Skills,ผู้เรียนสามารถวิเคราะห์ประเด็นปัญหาที่เกี่ยวกับภาษาและวรรณกรรมไทยได้
25520051102679,Ethics,ผู้เรียนสามารถใช้ความรู้ทางภาษาและวรรณกรรมไทยผลิตผลงานสร้างสรรค์หรืองานวิชาการได้อย่างมีจริยธรรม
25470051100323,Knowledge,ผู้เรียนสามารถอธิบายหลักการสื่อสารข้ามวัฒนธรรม ความหลากหลายทางวัฒนธรรมและความท้าทายของสังคมพหุวัฒนธรรม
25470051100323,Knowledge,ผู้เรียนสามารถวิเคราะห์ประเด็นสำคัญในโลกร่วมสมัยผ่านมุมมองที่หลากหลาย
25470051100323,Knowledge,อธิบายความรู้ แนวคิด ทฤษฎีพื้นฐานทางภูมิศาสตร์ ทั้งกลุ่มวิชาภูมิศาสตร์มนุษย์ ภูมิศาสตร์กายภาพ และเทคโนโลยีภูมิสารสนเทศ
25470051100323,Knowledge,เชื่อมโยงความรู้ทางทางภูมิศาสตร์และภูมิสารสนเทศ เพื่อประยุกต์ในการศึกษาปรากฏการณ์เชิงพื้นที่ได้อย่างเหมาะสม
25470051100323,Knowledge,วิเคราะห์ประเด็นหรือปัญหาเชิงพื้นที่ด้วยองค์ความรู้ทางภูมิศาสตร์และภูมิสารสนเทศได้
25470051100323,Skills,ผู้เรียนสามารถสื่อสารภาษาไทยได้อย่างมีประสิทธิภาพ
25470051100323,Skills,ผู้เรียนสามารถสื่อสารภาษาอังกฤษได้อย่างมีประสิทธิภาพ
25470051100323,Skills,ใช้เครื่องมือ โปรแกรม และเทคโนโลยีภูมิสารสนเทศได้อย่างถูกต้อง
25470051100323,Skills,สร้างสรรค์องค์ความรู้ ผลงานได้อย่างถูกต้องตรงตามหลักวิชาการ สอดคล้องกับความต้องการทางสังคมและความก้าวหน้าทางวิทยาการ
25470051100323,Skills,ถ่ายทอดองค์ความรู้ทางภูมิศาสตร์และเทคโนโลยีภูมิสารสนเทศได้อย่างมีประสิทธิภาพ
25470051100323,Ethics,ผู้เรียนมีความรับผิดชอบ เคารพระเบียบ และมีคุณธรรมจริยธรรม
25470051100323,ลัษณะบุคคล (Character),ผู้เรียนยอมรับคุณค่าในความหลากหลายของมนุษย์ซึ่งเป็นผลมาจากความแตกต่างทางด้านภูมิศาสตร์ เชื้อชาติ วัฒนธรรม เพศ และชนชั้น
25470051100323,ลัษณะบุคคล (Character),ผู้เรียนมีทักษะการเรียนรู้ตลอดชีวิตและมุ่งมั่นที่จะพัฒนาตนเอง
25470051100323,ลัษณะบุคคล (Character),ผู้เรียนมีทักษะในการบริหารจัดการอารมณ์ ทำงานร่วมกันผู้อื่น และปรับตัวเข้ากับวัฒนธรรมการทำงานที่หลากหลาย
25420051100193,Knowledge,มีทักษะและองค์ความรู้ในอาณาบริเวณที่ตนเองศึกษา
25420051100193,Knowledge,มีทักษะการสื่อสารภาษาไทยและภาษาต่างประเทศอย่างมีประสิทธิภาพ
25420051100193,Knowledge,สามารถคิด วิเคราะห์ วิพากษ์ เรียบเรียง รวมถึงนำเสนอได้อย่างมีเหตุผลและน่าเชื่อถือ
25420051100193,Knowledge,สามารถบูรณาการทักษะและองค์ความรู้ทางด้านอาณาบริเวณศึกษา เพื่อนำไปประยุกต์ใช้ในการประกอบอาชีพและสร้างคุณประโยชน์ต่อตนเองและสังคมส่วนรวม
25420051100193,Knowledge,มีทักษะการทำงานวิจัย ค้นคว้า และประยุกต์ใช้ข้อมูลสารสนเทศได้อย่างมีประสิทธิภาพ
25420051100193,Knowledge,ตระหนักรู้ เข้าใจ ยอมรับความแตกต่าง และเคารพในความหลากหลายของคนในสังคม
25420051100193,Knowledge,มีคุณธรรมจริยธรรม มุ่งมั่นพัฒนาตนเอง และมีคุณลักษณะ GREATS ของธรรมศาสตร์เพื่อมุ่งสู่การเป็นผู้นำแห่งศตวรรษที่ 21 ได้แก่ ทันโลกทันสังคม (Global mindset) สำนึกรับผิดชอบอย่างยั่งยืน (Responsibility) สื่อสารอย่างสร้างสรรค์ทรงพลัง (Eloquence) มีสุนทรียะในหัวใจ (Aesthetic appreciation) เป็นผู้นำ ทำงานเป็นทีม (Team leader) และมีจิตวิญญาณธรรมศาสตร์ (Spirit of Thammasat)
25420051100193,Skills,ปรับตัวเข้ากับสังคมและการทำงานกลุ่มที่ได้รับมอบหมายได้
25420051100193,Skills,รับผิดชอบต่อตนเองและสังคม
25420051100193,Skills,ประยุกต์เทคโนโลยีสารสนเทศเพื่อเข้าถึงฐานข้อมูล โดยวิเคราะห์ความน่าเชื่อถือของข้อมูลเพื่อนำมาใช้ได้อย่างเหมาะสม
25420051100193,Skills,ประยุกต์ใช้ทักษะความเป็นผู้ประกอบการและความคิดสร้างสรรค์เพื่อพัฒนาผลิตภัณฑ์ บริการ หรือเนื้อหาทางด้านอาณาบริเวณศึกษาในสื่อสาธารณะได้
25420051100193,Skills,ผลิตงานวิจัยตามหลักวิชาการด้วยองค์ความรู้ด้านอาณาบริเวณศึกษาในระดับพื้นฐาน โดยตระหนักถึงจรรยาบรรณพื้นฐานด้านการวิจัย
25420051100193,Knowledge,ผู้เรียนสามารถอธิบายบทบาทและอิทธิพลของประเทศอังกฤษและสหรัฐอเมริกาในบริบททางวรรณกรรม ประวัติศาสตร์ การเมือง และวัฒนธรรม
25420051100193,Knowledge,ผู้เรียนสามารถวิเคราะห์บทบาทและอิทธิพลของประเทศอังกฤษและสหรัฐอเมริกาในบริบททางวรรณกรรม ประวัติศาสตร์ การเมือง และวัฒนธรรม
25420051100193,Knowledge,ผู้เรียนสามารถวิพากษ์บทบาทและอิทธิพลของประเทศอังกฤษและสหรัฐอเมริกาในบริบททางวรรณกรรม ประวัติศาสตร์ การเมือง และวัฒนธรรม
25420051100193,Skills,ผู้เรียนสามารถสื่อสารภาษาอังกฤษหรือภาษาต่างประเทศได้อย่างมีประสิทธิภาพ ทั้งทักษะการพูดและการเขียนในบริบทการประกอบอาชีพและบริบททางวิชาการ
25420051100193,Skills,ผู้เรียนสามารถประยุกต์ใช้ทักษะภาษาอังกฤษและความรู้เกี่ยวกับอังกฤษ-อเมริกันศึกษาในการประกอบอาชีพ
25420051100193,Ethics,ผู้เรียนเคารพสิทธิและรับฟังความคิดเห็นที่แตกต่างหลากหลายของผู้อื่น
25420051100193,Ethics,ผู้เรียนมีวินัย ตรงต่อเวลา และมีความรับผิดชอบต่อตนเอง
25410051100225,Knowledge,K 1 ผู้เรียนมีความรู้และความเข้าใจในเนื้อหาสาระหลักของวิชาทางคณิตศาสตร์ประยุกต์ทั้งหลักการที่เป็นทฤษฎี และการปฏิบัติอย่างถ่องแท้
25410051100225,Knowledge,K 2 ผู้เรียนสามารถวิเคราะห์ปัญหา เข้าใจ รวมทั้งประยุกต์ความรู้ทางคณิตศาสตร์ประยุกต์และทักษะที่เหมาะสมกับการแก้ไขปัญหา
25410051100225,Skills,S 1 ผู้เรียนสามารถนำความรู้ทางคณิตศาสตร์ประยุกต์ภาคทฤษฎีและภาคปฏิบัติมาประยุกต์ใช้กับปัญหาที่เกี่ยวข้องทางวิชาการและวิชาชีพได้
25410051100225,Skills,S 2 ผู้เรียนคิดอย่างมีวิจารณญาณอย่างเป็นระบบ และใช้ดุลยพินิจในการตัดสินใจในสถานการณ์ต่าง ๆ ได้อย่างเหมาะสม
25410051100225,Skills,S 3 ผู้เรียนสามารถวิเคราะห์ข้อมูลโดยใช้เทคโนโลยีดิจิทัลเพื่อนำมาใช้ในการแก้ปัญหาได้อย่างเหมาะสม
25410051100225,Skills,S 4 ผู้เรียนสามารถนำเสนอผลงานโดยใช้เทคโนโลยีดิจิทัลและใช้เทคโนโลยีเพื่อการสื่อสารกับบุคคลต่าง ๆ ทั้งในวงการวิชาการและวิชาชีพได้อย่างเหมาะสมและมีประสิทธิภาพ
25410051100225,Skills,S 5 ผู้เรียนสามารถทำงานร่วมกันเป็นทีมได้
25410051100225,Ethics,E 1 ผู้เรียนมีความซื่อสัตย์สุจริตและมีจรรยาบรรณทางวิชาการและวิชาชีพ
25410051100225,Ethics,E 2 ผู้เรียนมีวินัย ตรงต่อเวลา และความรับผิดชอบต่อตนเองและสังคม
25410051100225,Ethics,E 3 ผู้เรียนเคารพกฎระเบียบและข้อบังคับต่าง ๆ ขององค์กรและสังคม
25570051102304,Knowledge,เข้าใจทฤษฎีและความรู้พื้นฐานรวมถึงศาสตร์อื่น ๆ ที่เกี่ยวข้องกับการจัดการการออกแบบ ธุรกิจ และเทคโนโลยี
25570051102304,Knowledge,อธิบายและสร้างความเชื่อมโยงทฤษฎีและความรู้พื้นฐาน รวมถึงศาสตร์อื่น ๆ ที่เกี่ยวข้องกับการจัดการการออกแบบ ธุรกิจ และเทคโนโลยี
25570051102304,Knowledge,ประยุกต์ใช้ความรู้ในกิจกรรมด้านการจัดการการออกแบบ ธุรกิจ และเทคโนโลยี
25570051102304,Knowledge,เสริมสร้างและพัฒนาองค์ความรู้ใหม่ในการจัดการออกแบบ ธุรกิจ และเทคโนโลยี
25570051102304,Skills,สืบค้น รวบรวม คัดกรอง จัดหมวดหมู่ และเปรียบเทียบข้อมูลต่างๆ เพื่อใช้ในการแก้ไขปัญหาอย่างสร้างสรรค์
25570051102304,Skills,ตีความ ประเมิน และวิเคราะห์ข้อมูลได้อย่างเป็นระบบด้วยกระบวนการคิดและตรรกะทางวิทยาศาสตร์และคณิตศาสตร์ เพื่อเชื่อมโยงประเด็น ลำดับความสำคัญของปัญหา และเสนอแนะแนวทางการแก้ไขปัญหาอย่างเหมาะสม
25570051102304,Skills,สื่อสารโดยใช้ทักษะการพูด การฟัง การอ่าน การเขียน และการนำเสนอด้วยเทคโนโลยีสารสนเทศกับบุคคลทั้งในวงการวิชาการและสาธาณชนทั่วไปได้อย่างมีประสิทธิภาพ
25570051102304,Skills,เสริมสร้างและพัฒนาทักษะในการจัดการสืบค้น วิเคราะห์ และนำเสนอคำตอบในสาขาการจัดการการออกแบบ ธุรกิจ และเทคโนโลยี
25570051102304,Ethics,มีจรรยาบรรณทางวิชาการและการประกอบอาชีพในการทำภาระหน้าที่ที่ได้รับมอบหมายให้เสร็จสิ้นและตรงตามวัตถุประสงค์
25630051100104,Knowledge,นักศึกษามีความความรู้ความเข้าใจด้านปรัชญา การเมือง และเศรษฐศาสตร์ สิทธิมนุษยชน ความสัมพันธ์ระหว่างเศรษฐกิจและการเมือง ทั้งทางด้านแนวคิด ทฤษฎี และวิธีการศึกษา ในบริบทของประเทศไทยและต่างประเทศ
25630051100104,Knowledge,ผู้เรียนสามารถบูรณาการความรู้เพื่อวิเคราะห์ปัญหา และประยุกต์ใช้ทั้งทฤษฎีและเครื่องมือที่เหมาะสมกับการแก้ไขปัญหา
25630051100104,Knowledge,นักศึกษาสามารถเข้าใจ และวิเคราะห์ข้อมูลสถานการณ์ทางเศรษฐกิจ การเมือง และสังคม พร้อมเสนอแนะนโยบายได้อย่างเหมาะสม
25630051100104,Skills,ผู้เรียนสามารถคิดเชิงวิพากษ์และคิดอย่างมีวิจารณญาณ
25630051100104,Skills,ผู้เรียนสามารถแสดงข้อโต้แย้งอย่างมีเหตุผลและสามารถสื่อสารชุดเหตุผลของตนเองได้อย่างน่าเชื่อถือ
25630051100104,Skills,สามารถใช้เครื่องมือ เช่น ทฤษฎี ชุดวิธีคิด ระเบียบวิธีวิจัย นวัตกรรม ฯลฯ ที่เหมาะสมในการแก้ไขปัญหาโดยการบูรณาการศาสตร์
25630051100104,Skills,ผู้เรียนสามารถทำงานร่วมกับผู้อื่นโดยเฉพาะในบริบทที่แตกต่างหลากหลายเพื่อสร้างองค์ความรู้ได้
25630051100104,Ethics,มีความซื่อสัตย์ และจริยธรรมในการศึกษาวิจัย
25630051100104,Ethics,นักศึกษามีจิตสำนึกด้านการเคารพกฎหมาย และสามารถปฏิบัติตามกฎ กติกา ของสังคม อย่างมีประสิทธิภาพ
25630051100104,Ethics,นักศึกษามีจิตสาธารณะ ตระหนักถึงปัญหาสังคม ในระดับท้องถิ่นและระดับโลก
25570051100234,Knowledge,K 1 ผู้เรียนสามารถจดจำองค์ความรู้ที่เกี่ยวข้องกับการพัฒนาตนเองและสังคมได้
25570051100234,Knowledge,K 2 ผู้เรียนสามารถระบุความหมายของความยั่งยืนและเป้าหมายเพื่อการพัฒนาอย่างยั่งยืนขององค์การสหประชาชาติได้
25570051100234,Knowledge,K 3 ผู้เรียนสามารถพัฒนานวัตกรรมสังคมหรือสร้างธุรกิจเพื่อสังคมได้
25570051100234,Skills,S 1 ผู้เรียนสามารถสื่อสารและทำงานร่วมกับผู้อื่นในสังคมที่มีความหลากหลายทั้งทางกายภาพ ภาษา และวัฒนธรรมได้
25570051100234,Skills,S 2 ผู้เรียนสามารถวิเคราะห์ปัญหาสังคมและแก้ไขปัญหาสังคมได้
25570051100234,Skills,S 3 ผู้เรียนสามารถเป็นผู้นำที่สร้างความเปลี่ยนแปลงให้กับชุมชนและสังคมได้
25570051100234,Ethics,E 1 ผู้เรียนมีจิตสำนึกต่อการใช้ชีวิตร่วมกันในสังคม
25570051100234,Ethics,E 2 ผู้เรียนมีความรับผิดชอบต่อการกระทำของตนเองที่ส่งผลกระทบต่อสังคมและโลก
25570051100234,Ethics,E 3 ผู้เรียนรู้จักการเคารพกฎ กติกา และมารยาทในการทำงานร่วมกับผู้อื่น
25520051102815,Knowledge,K 1 มีความรู้และความเข้าใจในหลักการ เนื้อหาสำคัญของสาขาวิชาเทคโนโลยีเพื่อการพัฒนายั่งยืนทั้งในภาคทฤษฎีและภาคปฏิบัติ
25520051102815,Knowledge,K 2 มีความรู้ในสาขาวิชาอื่นที่เกี่ยวข้องกับสาขาวิชาเทคโนโลยีเพื่อการพัฒนายั่งยืน เพื่อใช้สำหรับการบูรณาการความรู้หรือต่อยอดความรู้ในสาขาเทคโนโลยีเพื่อการพัฒนายั่งยืนและศาสตร์อื่นๆ ที่เกี่ยวข้อง
25520051102815,Knowledge,K 3 มีความรู้และมีกระบวนคิดอย่างเป็นระบบเพื่อแก้ปัญหาหรือสามารถปรับใช้ความรู้ในการพัฒนางานในด้านเทคโนโลยีเพื่อการพัฒนายั่งยืน
25520051102815,Skills,S 1 สามารถคิด วิเคราะห์และแสวงหาความรู้ด้วยตนเองอย่างเป็นระบบและสร้างสรรค์
25520051102815,Skills,5 2 สามารถวิเคราะห์และแก้ไขปัญหาอย่างบูรณาการโดยประยุกต์ใช้องค์ความรู้ที่เกี่ยวข้องทั้งภาคทฤษฎีและประสบการณ์ภาคปฏิบัติได้อย่างมีประสิทธิภาพเหมาะสมต่อสถานการณ์
25520051102815,Skills,S 3 สามารถประยุกต์ใช้เทคโนโลยีสารสนเทศที่เหมาะสมกับสถานการณ์ เพื่อการสืบค้น ศึกษาด้วยตนเอง นำเสนอและการสื่อสาร
25520051102815,Ethics,E 1 มีความตระหนักในคุณค่าและคุณธรรม จริยธรรม เสียสละ และซื่อสัตย์สุจริต
25520051102815,Ethics,E 2 มีวินัย ตรงต่อเวลา เคารพกฎระเบียบและข้อบังคับต่าง ๆ ขององค์กรและสังคม
25520051102815,Ethics,E 3 มีความเคารพสิทธิและรับฟังความคิดเห็นของผู้อื่น
25520051102815,Ethics,E 4 มีจรรยาบรรณทางวิชาการและวิชาชีพ
25500051100585,Knowledge,K 1 ผู้เรียนสามารถเข้าใจและ อธิบายทฤษฎีการออกแบบสถาปัตยกรรม
25500051100585,Knowledge,K 2 ผู้เรียนสามารถเข้าใจและอธิบายทฤษฎีความรู้เกี่ยวกับโครงสร้างอาคารวิธีการก่อสร้างและวัสดุ
25500051100585,Knowledge,K 3 ผู้เรียนสามารถเข้าใจและอธิบายทฤษฎีความรู้เกี่ยวกับเทคโนโลยีสภาวะแวดล้อม
25500051100585,Knowledge,"K 4 ผู้เรียนสามารถเข้าใจและอธิบายทฤษฎีความรู้เกี่ยวกับเทคโนโลยีดิจิทัล และสามารถ
ประยุกต์ใช้เทคโนโลยีดิจิทัลเพื่อการออกแบบ"
25500051100585,Knowledge,K 5 ผู้เรียนมีความรู้ในการบูรณาการองค์ความรู้ที่เท่าทันการเปลี่ยนแปลงของโลก
25500051100585,Skills,S1 ความสามารถในการออกแบบทางสถาปัตยกรรม
25500051100585,Skills,"S2 ความสามารถในการแปลงแนวคิดจากนามธรรมสู่รูปธรรม ความสามารถในการสื่อสารและ
นำเสนอผลงานกระบวนการการพัฒนาผลงานสถาปัตยกรรมอย่างเป็นระบบ ด้วยสื่อที่หลากหลาย"
25500051100585,Skills,S3 ความสามารถในการคิดเชิงวิพากษ์ คิดเป็นตรรกะและคิดสร้างสรรค์
25500051100585,Skills,S4 ความสามารถการบริหารจัดการผลลัพธ์ และการทำงานเป็นกลุ่ม
25500051100585,Skills,S5 ความสามารถในการการใช้เทคโนโลยีดิจิทัลที่หลากหลาย
25500051100585,Ethics,E 1 มีจรรยาบรรณและจริยธรรมในการทำงาน ประพฤติและปฏิบัติตนตามกฎระเบียบและข้อบังคับ
25500051100585,Ethics,E 2 มีความเข้าใจผู้อื่น เปิดรับความคิดเห็นของผู้อื่น และพร้อมให้ความช่วยเหลือ
25500051100585,Ethics,E 3 ความตรงต่อเวลา
25500051100585,Ethics,E 4 มีจิตสาธารณะรับผิดชอบต่อสังคม
25470051100378,Knowledge,K 1 ผู้เรียนมีความรู้อย่างกว้างขวางในหลักการและทฤษฎีองค์ความรู้ด้านวิทยาศาสตร์ สิ่งแวดล้อม
25470051100378,Knowledge,K2 ผู้เรียนสามารถวิเคราะห์อย่างเป็นระบบ
25470051100378,Knowledge,K 3 ผู้เรียนสามารถนำความรู้ หลักการ ทฤษฎีไปประยุกต์ใช้ได้อย่างเหมาะสม
25470051100378,Skills,S 1 ผู้เรียนสามารถค้นคว้าข้อมูลได้อย่างเป็นระบบ
25470051100378,Skills,S 2 ผู้เรียนสามารถวิเคราะห์ปัญหา ประเมินทางเลือก และเสนอแนะวิธีการแก้ไขปัญหาและ ผลการตัดสินใจได้อย่างเหมาะสม
25470051100378,Skills,S 3 ผู้เรียนสามารถทำงานเป็นทีมได้
25470051100378,Skills,S 4 ผู้เรียนสามารถใช้เทคโนโลยีสารสนเทศ และสามารถประยุกต์ใช้ในการสื่อสารได้อย่างมี ประสิทธิภาพ
25470051100378,Ethics,E 1 ผู้เรียนมีความซื่อสัตย์สุจริต และมีจรรยาบรรณในวิชาชีพ
25470051100378,Ethics,E 2 ผู้เรียนมีวินัย และความรับผิดชอบต่อตนเองและสังคม
25470051100378,Character,C 1 ผู้เรียนมีความคิดเชิงตรรกะ
25470051100378,Character,C 2 ผู้เรียนมีความสามารถด้านดิจิทัล
25470051100378,Character,C 3 ผู้เรียนมีความใฝ่รู้ ติดตามการเปลี่ยนแปลงเพื่อพัฒนาตนเองอย่างต่อเนื่อง
25610051100036,Knowledge,"K 1 อธิบายหลักการและทฤษฎีด้านวิทยาศาสตร์ คณิตศาสตร์ และเทคโนโลยีที่จำเป็นและ
เพียงพอต่อการนำไปใช้ในวิชาแกนของแต่ละหลักสูตร และ/หรือ ศึกษาต่อในระดับบัณฑิตศึกษา"
25610051100036,Knowledge,"K 2 บูรณาการหลักการและทฤษฎีด้านวิทยาศาสตร์ คณิตศาสตร์ และเทคโนโลยี สาขาต่างๆ
และ/หรือ บูรณาการเข้ากับศาสตร์อื่น เพื่อวิเคราะห์ ประเมิน สังเคราะห์ และ/หรือ สร้างสรรค์องค์ความรู้
ใหม่ และ/หรือ นวัตกรรม"
25610051100036,Skills,S 1 ปฏิบัติงานด้านวิทยาศาสตร์ คณิตศาสตร์ และเทคโนโลยีได้อย่างเหมาะสมและปลอดภัย
25610051100036,Skills,S 2 เลือกเครื่องมือทางวิทยาศาสตร์ คณิตศาสตร์ และเทคโนโลยีได้อย่างเหมาะสมและถูกต้อง
25610051100036,Skills,"S 3 ใช้ภาษาอังกฤษหรือภาษาต่างประเทศอื่น เพื่อการสืบค้นข้อมูลและสื่อสารได้อย่าง
เหมาะสม"
25610051100036,Skills,"5 4 วิเคราะห์และสังเคราะห์ความรู้จากแหล่งข้อมูลต่าง ๆ ที่หลากหลายได้อย่างถูกต้อง เพื่อ
นำไปสู่การวางแผนการทดลอง ออกแบบการทดลอง และ/หรือ สร้างสรรค์นวัตกรรม"
25610051100036,Skills,S 5 คิดวิเคราะห์อย่างเป็นระบบและมีเหตุมีผลตามหลักการและวิธีการทางวิทยาศาสตร์
25610051100036,Skills,S 6 ใช้เทคโนโลยีดิจิทัลในการสื่อสาร และการทำงาน
25610051100036,Ethics,E 1 มีความซื่อสัตย์สุจริตและรับผิดชอบ
25610051100036,Ethics,E 2 มีจิตสาธารณะ
25610051100036,Ethics,E 3 มีจิตสำนึกและตระหนักในการปฏิบัติตามจรรยาบรรณทางวิชาการและวิชาชีพ
25610054001377,Knowledge,มีความรู้ ความเข้าใจเรื่องแนวคิด ทฤษฎี และหลักการด้านนวัตกรรมดิจิทัล
25610054001377,Knowledge,มีความรู้ ความเข้าใจเรื่องแนวคิดเชิงสร้างสรรค์ หรือการคิดในเชิงสร้างสรรค์
25610054001377,Knowledge,มีความรู้ ความเข้าใจเรื่องการทำวิจัย
25610054001377,Knowledge,มีความรู้ ความเข้าใจในการนำองค์กรดิจิทัล
25610054001377,Knowledge,มีความรู้ ความเข้าใจ และสามารถประยุกต์ใช้เทคโนโลยีดิจิทัลในการสร้างความได้เปรียบ
25610054001377,Skills,สามารถคิด วิเคราะห์ปัญหาภายใต้สถานการณ์ต่าง ๆ ได้อย่างสร้างสรรค์
25610054001377,Skills,สามารถใช้ความรู้ในการแก้ไขปัญหาเฉพาะหน้าได้อย่างมีประสิทธิภาพ เหมาะสมกับสถานการณ์
25610054001377,Skills,สามารถพัฒนาและสร้างสรรค์องค์ความรู้ด้านนวัตกรรมและการแปรรูปดิจิทัล
25610054001377,Skills,สามารถนำข้อมูลทางที่เกี่ยวข้องมาวิเคราะห์เพื่อประยุกต์ใช้ในการจัดการทางดิจิทัลได้อย่างมีประสิทธิภาพ
25610054001377,Skills,สามารถวิเคราะห์ข้อมูลต่าง ๆ ด้านการเงินและการตลาดเพื่อประกอบการตัดสินใจในการดำเนินงานด้านการจัดการทางดิจิทัล
25610054001377,Skills,สามารถใช้ทักษะทางการสื่อสารได้อย่างชัดเจนและมีประสิทธิภาพ
25610054001377,Skills,สามารถประยุกต์ใช้เทคโนโลยีสารสนเทศเพื่อเป็นเครื่องมือในการจัดการและการสื่อสารข้อมูลต่าง ๆ ได้อย่างเหมาะสมและมีประสิทธิภาพ
25610054001377,Ethics,มีความรู้ ความเข้าใจเรื่องผลกระทบของดิจิทัลต่อสังคม
25610054001377,Ethics,มีความรู้และตระหนักในความรับผิดชอบในการใช้เทคโนโลยีดิจิทัล
25520051102624,Knowledge,สามารถอธิบายหลักการและทฤษฎีพื้นฐานที่สำคัญในศาสตร์ด้านวิทยาการคอมพิวเตอร์ตามหมวดหมู่ดังต่อไปนี้
25520051102624,Knowledge,สามารถประยุกต์ใช้ความรู้พื้นฐานที่มีในการเรียนรู้เครื่องมือและเทคโนโลยีใหม่เพื่อตอบสนองต่อการเปลี่ยนแปลงอันรวดเร็วในศาสตร์วิทยาการคอมพิวเตอร์
25520051102624,Knowledge,สามารถบูรณาการองค์ความรู้ในศาสตร์ด้านวิทยาการคอมพิวเตอร์ที่ศึกษากับศาสตร์อื่นๆ ได้
25520051102624,Knowledge,สามารถอธิบายองค์ความรู้และเทคโนโลยีทางวิทยาการคอมพิวเตอร์ ในกระบวนการพัฒนาซอฟต์แวร์ได้อย่างเป็นระบบ ตรงตามความต้องการ มีมุมมองด้านความปลอดภัย
25520051102624,Knowledge,สามารถอธิบายองค์ความรู้และเทคโนโลยีทางวิทยาการข้อมูล เพื่อสร้างให้เกิดความเข้าใจพื้นฐานและเชิงลึกเกี่ยวกับชุดข้อมูล
25520051102624,Skills,มีทักษะในการพัฒนาซอฟต์แวร์ตามทฤษฎีกระบวนการซอฟต์แวร์ที่ใช้ในภาคอุตสาหกรรมในสภาพแวดล้อมจำลอง
25520051102624,Skills,สามารถประยุกต์ใช้องค์ความรู้และเทคโนโลยีทางวิทยาการข้อมูล เพื่อสร้างให้เกิดความเข้าใจพื้นฐานและเชิงลึกเกี่ยวกับชุดข้อมูล
25520051102624,Skills,มีประสบการณ์ในการพัฒนาและ/หรือการประยุกต์ซอฟต์แวร์สำหรับใช้งานแบบไม่ใช่เชิงพาณิชย์ (non-commercial use) ที่ใช้งานได้
25520051102624,Skills,การคิดเชิงวิพากษ์และคิดอย่างมีวิจารณญาณ
25520051102624,Skills,สามารถมีส่วนร่วมในการแก้ปัญหาสถานการณ์ต่าง ๆ ทั้งในบทบาทของผู้นำหรือในบทบาทของผู้ร่วมทีมทำงาน มีความรับผิดชอบต่อทีมทำงาน
25520051102624,Skills,สามารถสื่อสารเพื่อนำเสนอแนวคิดหรือข้อมูลด้านวิทยาการคอมพิวเตอร์กับบุคคลทั่วไปได้อย่างมีประสิทธิภาพ ทั้งในรูปแบบการเขียนและการนำเสนอแบบปากเปล่า
25520051102624,Ethics,ประพฤติตนอย่างซื่อสัตย์ สุจริต
25520051102624,Ethics,มีวินัย ตรงต่อเวลา และความรับผิดชอบต่อตนเองและสังคม
25520051102624,Ethics,เคารพกฎระเบียบและข้อบังคับต่างๆ ขององค์กรและสังคม
25520051102624,Ethics,มีจรรยาบรรณทางวิชาการและวิชาชีพ
25570051102416,Knowledge,K 1 ผู้เรียนมีความรู้ ความเข้าใจเรื่องแนวคิด ทฤษฎี และหลักการด้านการจัดการทางวัฒนธรรม
25570051102416,Knowledge,K 2 ผู้เรียนมีความรู้ ความเข้าใจเรื่องแนวคิดเชิงสร้างสรรค์ หรือการคิดในเชิงสร้างสรรค์
25570051102416,Knowledge,K 3 ผู้เรียนมีความรู้ ความเข้าใจเรื่องการทำวิจัย
25570051102416,Knowledge,K 4 ผู้เรียนมีความรู้ ความเข้าใจในการวางแผนกลยุทธ์การจัดการทางวัฒนธรรม
25570051102416,Knowledge,K 5 ผู้เรียนมีความรู้ ความเข้าใจ และสามารถประยุกต์ใช้เทคโนโลยีในการจัดการทางวัฒนธรรม
25570051102416,Knowledge,K 6 ผู้เรียนสามารถนำข้อมูลทางเศรษฐกิจที่เกี่ยวข้องกับการจัดการทางวัฒนธรรมมาวิเคราะห์ เพื่อประยุกต์ใช้ในการจัดการทางวัฒนธรรมได้อย่างมีประสิทธิภาพ
25570051102416,Skills,S 1 ผู้เรียนสามารถคิด วิเคราะห์ปัญหาภายใต้สถานการณ์ต่าง ๆ ได้อย่างสร้างสรรค์
25570051102416,Skills,S 2 ผู้เรียนสามารถประเมินผลกระทบจากการดำเนินงานต่าง ๆ และสามารถนำความรู้มาประยุกต์ใช้ได้
25570051102416,Skills,5 3 ผู้เรียนสามารถใช้ความรู้ในการแก้ไขปัญหาเฉพาะหน้าได้อย่างมีประสิทธิภาพ เหมาะสมกับสถานการณ์
25570051102416,Skills,S 4 ผู้เรียนสามารถพัฒนาและสร้างสรรค์องค์ความรู้สหวิทยาการทางวัฒนธรรม
25570051102416,Skills,5 5 ผู้เรียนสามารถวิเคราะห์ข้อมูลต่าง ๆ ด้านการเงินและการตลาดเพื่อประกอบการตัดสินใจในการดำเนินงานด้านการจัดการทางวัฒนธรรม
25570051102416,Skills,5 6 ผู้เรียนสามารถประยุกต์ใช้เทคโนโลยีสารสนเทศเพื่อเป็นเครื่องมือในการจัดการและการสื่อสารข้อมูลต่าง ๆ ได้อย่างเหมาะสมและมีประสิทธิภาพ
25570051102416,Ethics,E 1 ผู้เรียนมีความรู้ ความเข้าใจเรื่องการอนุรักษ์ศิลปวัฒนธรรมอย่างยั่งยืน
25570051102416,Ethics,E 2 ผู้เรียนมีความรู้และตระหนักในความรับผิดชอบต่อสังคมและวัฒนธรรม
25570051102405,Knowledge,มีความรู้อย่างกว้างขวางในหลักการพื้นฐานและทฤษฎีองค์ความรู้ที่เกี่ยวข้อง
25570051102405,Knowledge,สามารถนำความรู้หลักการและทฤษฎีไปประยุกต์ใช้ได้อย่างเหมาะสม
25570051102405,Knowledge,สามารถวิเคราะห์อย่างเป็นระบบเพื่อการพัฒนาและแข่งขันในระบบชาติและนานาชาติ
25570051102405,Knowledge,สามารถบูรณาการความรู้ที่เกี่ยวข้องผ่านงานวิจัยเพื่อออกแบบนวัตกรรมการบริการได้อย่างเหมาะสม
25570051102405,Skills,สามารถประยุกต์ใช้ทักษะทางด้านนวัตกรรมการบริการได้อย่างเหมาะสม
25570051102405,Skills,สามารถออกแบบและวิเคราะห์ปัญหาโจทย์การวิจัยที่เกี่ยวกับนวัตกรรมบริการและ เสนอแนะวิธีการแก้ไขและผลการตัดสินใจได้อย่างเหมาะสม
25570051102405,Skills,สามารถวิเคราะห์ปัญหา ประเมินสถานการณ์ และสร้างความสามารถในการแข่งขันสำหรับธุรกิจบริการ และธุรกิจลักชูรี่
25570051102405,Skills,มีความสามารถในการใช้เทคโนโลยีสารสนเทศในการวิเคราะห์และออกแบบการนำเสนอข้อมูลได้อย่างมีประสิทธิผล
25570051102405,Skills,สามารถวิเคราะห์ข้อมูลด้านการเงินและสภาวะเศรษฐกิจเพื่อประกอบการตัดสินใจได้อย่างมีประสิทธิภาพ
25570051102405,Skills,สามารถประยุกต์ใช้การสื่อสารได้อย่างมืออาชีพทั้งในด้านของการเขียนและการพูด โดยใช้เทคโนโลยีที่เหมาะสม
25570051102405,Ethics,มีความเข้าใจและความตระหนักต่อการพัฒนาที่ยั่งยืน
25570051102405,Ethics,มีความรู้ ความเข้าใจถึงความสำคัญของความรับผิดชอบต่อตนเองและสังคม
25400051100393,Knowledge,อธิบายหลักการและทฤษฎีด้านวิทยาศาสตร์ คณิตศาสตร์ และเทคโนโลยีที่จำเป็นและเพียงพอต่อการนำไปใช้ในวิชาแกนของแต่ละหลักสูตร และ/หรือ ศึกษาต่อในระดับบัณฑิตศึกษา
25400051100393,Knowledge,บูรณาการหลักการและทฤษฎีด้านวิทยาศาสตร์ คณิตศาสตร์ และเทคโนโลยี สาขาต่างๆ และ/ หรือ บูรณาการเข้ากับศาสตร์อื่น เพื่อสังเคราะห์ และ/หรือ สร้างสรรค์องค์ความรู้ใหม่ และ/หรือ นวัตกรรม
25400051100393,Knowledge,อธิบายหลักการและทฤษฎีในวิชาแกนทางฟิสิกส์อิเล็กทรอนิกส์ที่จำเป็นและเพียงพอต่อการนำไปใช้ในโครงงานทางฟิสิกส์อิเล็กทรอนิกส์ หรือศึกษาต่อในระดับบัณฑิตศึกษา
25400051100393,Skills,ปฏิบัติงานด้านฟิสิกส์อิเล็กทรอนิกส์ และเทคโนโลยีได้อย่างเหมาะสมและปลอดภัย
25400051100393,Skills,เลือกเครื่องมือทางวิทยาศาสตร์ คณิตศาสตร์ และเทคโนโลยีได้อย่างเหมาะสมและถูกต้อง
25400051100393,Skills,ใช้ภาษาอังกฤษหรือภาษาต่างประเทศอื่น เพื่อการสืบค้นข้อมูลและสื่อสารได้อย่างเหมาะสม
25400051100393,Skills,วิเคราะห์และสังเคราะห์ความรู้จากแหล่งข้อมูลต่าง ๆ ที่หลากหลายได้อย่างถูกต้อง เพื่อนำไปสู่การวางแผนการทดลอง ออกแบบการทดลอง และ/หรือ สร้างสรรค์นวัตกรรม
25400051100393,Skills,คิดวิเคราะห์อย่างเป็นระบบและมีเหตุมีผลตามหลักการและวิธีการทางวิทยาศาสตร์
25400051100393,Skills,ประยุกต์ใช้หลักการและทฤษฎีทางฟิสิกส์ในการแก้ปัญหาที่ซับซ้อนทางฟิสิกส์หรือหลากหลายสาขาวิชา
25400051100393,Skills,ประยุกต์ความรู้ทางคณิตศาสตร์และสถิติ เพื่อการวิเคราะห์ ประมวลผล แก้ปัญหา และ/หรือ นำเสนอข้อมูลได้อย่างเหมาะสม
25400051100393,Skills,สามารถใช้เทคโนโลยีสารสนเทศในการสืบค้น เก็บรวบรวม วิเคราะห์ข้อมูล และ/หรือ สร้างการจำลองได้อย่างมีประสิทธิภาพและเหมาะกับสถานการณ์
25400051100393,Ethics,มีความซื่อสัตย์สุจริต
25400051100393,Ethics,มีจิตสาธารณะ
25400051100393,Ethics,มีจิตสำนึกและตระหนักในการปฏิบัติตามจรรยาบรรณทางวิชาการและวิชาชีพ
25400051100189,Knowledge,K 1 ผู้เรียนมีความรู้พื้นฐานด้านกรอบแนวคิด และทฤษฎีที่เกี่ยวข้องกับการศึกษาทางด้าน รัฐศาสตร์
25400051100189,Knowledge,K 2 ผู้เรียนมีความรู้ ความเข้าใจในบริบท และพัฒนาการทางประวัติศาสตร์ที่เกี่ยวข้องกับ การเมืองการปกครอง การบริหารรัฐกิจ และการระหว่างประเทศ
25400051100189,Knowledge,K 3 ผู้เรียนมีความรู้และความเข้าใจในปรากฏการณ์ร่วมสมัยที่เกี่ยวข้องกับการเมืองการปกครอง การบริหารรัฐกิจ และการระหว่างประเทศ
25400051100189,Knowledge,K 4 ผู้เรียนมีความรู้เกี่ยวกับสถานะ บทบาท และอำนาจหน้าที่ของหน่วยงาน องค์กร หรือตัวแสดงที่เกี่ยวข้องกับการเมืองการปกครอง การบริหารรัฐกิจ และการระหว่างประเทศ
25400051100189,Skills,S 1 ผู้เรียนมีทักษะด้านการวิจัย และการปรับประยุกต์ใช้เครื่องมือการวิจัยขั้นต้น
25400051100189,Skills,S 2 ผู้เรียนมีทักษะในการคิด วิเคราะห์ปรากฏการณ์ทางสังคม และการเมืองอย่างเป็นเหตุเป็นผล
25400051100189,Skills,S 3 ผู้เรียนมีทักษะทางการสื่อสารเพื่อการทำงานร่วมกับผู้อื่น
25400051100189,Skills,S 4 ผู้เรียนมีทักษะทางภาษาทั้งภาษาไทย และภาษาต่างประเทศเพื่อการทำงาน หรือเพื่อการ ศึกษาต่อ
25400051100189,Skills,S 5 ผู้เรียนมีทักษะด้านเทคโนโลยีสารสนเทศเพื่อปรับประยุกต์ใช้การทำงาน
25400051100189,Ethics,E 1 ผู้เรียนแสดงออกซึ่งความเคารพในสิทธิ และเสรีภาพต่อทั้งตนเองและผู้อื่น
25400051100189,Ethics,E 2 ผู้เรียนแสดงออกซึ่งความตระหนักในสิทธิและหน้าที่ของความเป็นพลเมืองที่ดี
25400051100189,Ethics,E 3 ผู้เรียนมีความเข้าใจและปฏิบัติตามหลักคุณธรรม จริยธรรม กฎหมาย และกติกาอื่น ๆ ที่เกี่ยวข้องกับการทำงานและการอยู่ร่วมกันในสังคม
25490051100461,Knowledge,"ผู้เรียนมีความรู้ ความเข้าใจเกี่ยวกับหลักการ และทฤษฎีที่สำคัญในเนื้อหาสาขาวิชาสื่อ
ศึกษา"
25490051100461,Knowledge,"ผู้เรียนมีความรู้ ความเข้าใจบทบาทของการสื่อสารและปฏิบัติการของงานวารสาร
ศาสตร์และงานวางแผนกลยุทธ์การสื่อ สาร"
25490051100461,Knowledge,ผู้เรียนมีความรู้และความเข้าใจในปรากฏการณ์ร่วมสมัยที่เกี่ยวข้องกับสื่อศึกษา
25490051100461,Skills,"ผู้เรียนมีทักษะสำคัญสำหรับการสื่อสารในระดับต่าง ๆ สามารถสื่อสารและจัดการการ
สื่อสารได้อย่างมีประสิทธิภาพ"
25490051100461,Skills,"ผู้เรียนมีทักษะในการคิดวิเคราะห์ปรากฏการณ์ทางสังคมที่เกี่ยวข้องกับวารสารศาสตร์
สื่อ และการสื่อสาร"
25490051100461,Skills,ผู้เรียน มีทักษะการจัดการเนื้อหาและการนำเสนอผ่านสื่อในรูปแบบต่าง ๆ
25490051100461,Skills,ผู้เรียนมีทักษะด้านเทคโนโลยีสารสนเทศด้านการสื่อสาร
25490051100461,Ethics,ผู้เรียนมีจรรยาบรรณในวิชาชีพสื่อสารมวลชน
25490051100461,Ethics,"ผู้เรียนแสดงออกซึ่งการเคารพสิทธิและรับฟังความคิดเห็นของผู้อื่น รวมทั้งเคารพใน
คุณค่าและศักดิ์ศรีของความเป็นมนุษย์"
25490051100461,Ethics,"ผู้เรียนมีความเข้าใจและปฏิบัติตามหลักคุณธรรม จริยธรรม กฎระเบียบและข้อบังคับ
ต่างๆ ขององค์กรและสังคม"
25590051100113,Knowledge,การคิดอย่างเป็นองค์รวม (Holistic thinking) สามารถคิดในลักษณะที่เป็นองค์รวม เห็นความเชื่อมโยงของปรากฏการณ์เชิงระบบ และประเมินผลกระทบของการทำงานต่าง ๆ ได้
25590051100113,Knowledge,การคิดเชิงวิพากษ์และการคิดเชิงนวัตกรรม (Critical and innovative mind) สามารถวิพากษ์และตรวจสอบการวิพากษ์ของตนเอง สามารถมองเห็นปัญหาและหาทางเลือกในการแก้ปัญหาที่สร้างสรรค์
25590051100113,Knowledge,การทำงานบนฐานความรู้ (Knowledge based expertise) ทำงานด้วยความเป็นมืออาชีพบนฐานความรู้ สามารถเรียนรู้แบบนำตัวเอง (self-directed learning) มีทักษะในการจัดกระบวนการเรียนรู้ (learning process and facilitation) และมีทักษะในการใช้เทคโนโลยีเพื่อการเรียนรู้ (learning technology)
25590051100113,Skills,ทักษะในการพัฒนาตนเอง (Intrapersonal skills) รู้จัก เท่าทัน สะท้อน กำกับและพัฒนาตนเองอย่างต่อเนื่องจนเกิดความเชี่ยวชาญ (self mastery)
25590051100113,Skills,ทักษะในการปฏิสัมพันธ์กับผู้อื่น (Interpersonal skills) เข้าใจความแตกต่างหลากหลาย สามารถทำงานเป็นทีม มีทักษะการสื่อสาร และประสานความร่วมมือกับบุคคลอื่นได้ มีความเป็นผู้นำ และความเป็นมืออาชีพ
25590051100113,Skills,จิตสำนึกและการมีส่วนร่วมทางสังคม (Social conscience and engagement) ความรู้สึกรู้สาต่อเพื่อนมนุษย์หรือความไม่เป็นธรรมที่ปรากฏตรงหน้า ต่อความเป็นไปในสังคม โดยสามารถประเมินผลกระทบทางสังคม จากการสร้างการเปลี่ยนแปลงของตนเองได้
25400051100415,Knowledge,อธิบายหลักการและทฤษฎีด้านวิทยาศาสตร์ คณิตศาสตร์ที่เกี่ยวข้องมาประยุกต์ใช้ศาสตร์ทางด้านเทคโนโลยีวัสดุทั้ง โลหะ เซรามิก พอลิเมอร์ ฯ
25400051100415,Knowledge,สร้างนวัตกรรมโดยบูรณาการหลักการและทฤษฎีด้านวิทยาศาสตร์ คณิตศาสตร์ และเทคโนโลยี สาขาต่างๆ กับเทคโนโลยีวัสดุ ซึ่งมุ่งเน้นการสร้างสรรค์องค์ความรู้ใหม่ เพื่อสอดรับกับการประยุกต์ใช้งานจริงของภาคอุตสาหกรรม
25400051100415,Skills,มีทักษะในการฝึกปฏิบัติงานจริงจากภาครัฐและภาคเอกชน
25400051100415,Skills,มีทักษะในการเลือกใช้เครื่องมือทางวิทยาศาสตร์ได้อย่างเหมาะสมและถูกต้อง
25400051100415,Skills,ใช้ภาษาต่างประเทศ เพื่อการสืบค้นข้อมูล ติดต่อสื่อสารในการทำงานเพื่อแก้ปัญหาเฉพาะหน้าที่เกิดขึ้นได้อย่างมีประสิทธิภาพ
25400051100415,Skills,สร้างสรรค์นวัตกรรม โดยการวางแผนการทดลอง ออกแบบการทดลอง และนำข้อมูลที่ได้มาคิดวิเคราะห์และสังเคราะห์ความรู้จากแหล่งข้อมูลต่าง ๆ
25400051100415,Ethics,ผู้เรียนมีความซื่อสัตย์ต่อตนเอง ต่อเพื่อนร่วมงาน
25400051100415,Ethics,ผู้เรียนมีความรับผิดชอบต่อหน้าที่ส่วนตัว ส่วนรวม สังคมการเรียน การทำงานภาคสนาม
25400051100415,Ethics,มีจิตสำนึกและตระหนักในการปฏิบัติตามจรรยาบรรณทางวิชาการและวิชาชีพ
